entry_time,exit_time,entry_price,exit_price,entry_k,entry_d,exit_k,exit_d,position_size,profit,balance_before,balance_after,stop_loss,take_profit,trade_result
2024-01-02 15:15:00,2024-01-02 17:30:00,108.81,107.72,17.11,11.4,15.27,27.23,82.71298593879239,-97.13,10000.0,9902.87,107.72,119.69,loss
2024-01-03 11:30:00,2024-01-03 11:45:00,105.06,104.01,19.7,14.28,15.82,14.82,85.66533409480297,-97.13,9902.87,9805.74,104.01,115.57,loss
2024-01-04 08:15:00,2024-01-04 10:15:00,98.62,97.63,15.28,10.71,13.01,25.8,91.25937943621983,-97.13,9805.74,9708.62,97.63,108.48,loss
2024-01-05 00:30:00,2024-01-05 01:45:00,103.34,102.31,14.35,12.72,30.34,22.69,87.09115540932842,-97.13,9708.62,9611.49,102.31,113.67,loss
2024-01-06 05:45:00,2024-01-06 06:15:00,94.41,93.47,16.72,8.44,7.05,11.28,95.32888465204958,-97.13,9611.49,9514.36,93.47,103.85,loss
2024-01-06 07:00:00,2024-01-06 10:30:00,92.46,95.01,12.45,10.12,81.35,85.76,97.3393900064893,240.82,9514.36,9755.18,91.54,101.71,win
2024-01-06 23:15:00,2024-01-07 13:30:00,92.91,95.79,19.88,15.76,80.55,88.58,96.86793671294802,271.56,9755.18,10026.73,91.98,102.2,win
2024-01-09 20:30:00,2024-01-09 20:45:00,97.83,96.85,16.22,15.68,6.77,13.18,91.99632014719411,-97.13,10026.73,9929.61,96.85,107.61,loss
2024-01-10 08:00:00,2024-01-10 08:45:00,97.74,96.76,9.68,9.12,5.38,6.21,92.08103130755065,-97.13,9929.61,9832.48,96.76,107.51,loss
2024-01-11 02:30:00,2024-01-11 06:00:00,99.92,98.92,11.95,9.79,6.17,29.18,90.07205764611689,-97.13,9832.48,9735.35,98.92,109.91,loss
2024-01-11 16:30:00,2024-01-12 01:15:00,99.51,98.51,19.35,12.78,6.84,20.76,90.44317154054869,-97.13,9735.35,9638.22,98.51,109.46,loss
2024-01-13 11:00:00,2024-01-13 21:15:00,91.85,96.28,19.76,11.42,83.79,86.7,97.98584648884051,426.53,9638.22,10064.75,90.93,101.04,win
2024-01-15 22:00:00,2024-01-16 01:15:00,94.12,95.51,4.93,4.64,85.16,86.07,95.62260943476413,125.61,10064.75,10190.36,93.18,103.53,win
2024-01-17 06:00:00,2024-01-17 07:45:00,98.37,97.39,17.33,15.64,7.06,17.69,91.49130832570906,-97.13,10190.36,10093.23,97.39,108.21,loss
2024-01-17 16:30:00,2024-01-17 17:00:00,98.94,97.95,14.38,13.0,12.87,12.36,90.96422073984233,-97.13,10093.23,9996.1,97.95,108.83,loss
2024-01-18 01:45:00,2024-01-18 10:30:00,100.31,99.31,19.01,16.62,5.6,26.81,89.721862227096,-97.13,9996.1,9898.98,99.31,110.34,loss
2024-01-18 11:15:00,2024-01-18 16:00:00,98.81,97.82,18.0,15.52,21.23,44.38,91.08389839085113,-97.13,9898.98,9801.85,97.82,108.69,loss
2024-01-19 03:15:00,2024-01-19 05:30:00,91.81,93.96,7.17,6.31,84.41,87.72,98.02853719638384,203.39,9801.85,10005.24,90.89,100.99,win
2024-01-19 14:45:00,2024-01-19 15:15:00,92.69,91.76,13.98,13.89,6.86,8.79,97.09785305858237,-97.13,10005.24,9908.11,91.76,101.96,loss
2024-01-19 15:30:00,2024-01-19 16:15:00,91.12,90.21,10.07,9.97,9.34,9.75,98.77085162423178,-97.13,9908.11,9810.99,90.21,100.23,loss
2024-01-19 16:45:00,2024-01-19 20:15:00,88.42,93.79,17.85,10.29,85.3,92.69,101.78692603483374,538.96,9810.99,10349.94,87.54,97.26,win
2024-01-21 06:15:00,2024-01-21 10:00:00,92.07,93.07,15.48,15.27,82.99,83.81,97.75171065493647,90.47,10349.94,10440.42,91.15,101.28,win
2024-01-21 23:45:00,2024-01-22 02:30:00,91.09,90.18,16.48,14.11,25.64,18.33,98.80338127127017,-97.13,10440.42,10343.29,90.18,100.2,loss
2024-01-22 15:30:00,2024-01-22 19:00:00,86.48,85.62,19.08,16.5,24.1,34.64,104.07030527289547,-97.13,10343.29,10246.16,85.62,95.13,loss
2024-01-23 07:45:00,2024-01-23 08:15:00,82.83,82.0,15.69,8.94,10.56,8.9,108.65628395508874,-97.13,10246.16,10149.03,82.0,91.11,loss
2024-01-23 09:30:00,2024-01-23 10:45:00,80.4,79.6,18.11,7.74,2.15,20.53,111.94029850746269,-97.13,10149.03,10051.91,79.6,88.44,loss
2024-01-23 20:00:00,2024-01-23 23:30:00,81.28,83.71,16.31,11.24,89.19,93.69,110.72834645669292,261.65,10051.91,10313.56,80.47,89.41,win
2024-01-24 13:45:00,2024-01-24 23:45:00,86.01,88.77,16.07,15.31,80.39,90.43,104.63899546564352,281.37,10313.56,10594.93,85.15,94.61,win
2024-01-26 07:30:00,2024-01-26 11:45:00,87.12,91.95,17.86,14.62,91.12,92.94,103.30578512396694,491.37,10594.93,11086.3,86.25,95.83,win
2024-01-26 21:15:00,2024-01-27 07:15:00,92.15,91.23,19.9,15.2,10.43,13.74,97.66684753119912,-97.13,11086.3,10989.17,91.23,101.36,loss
2024-01-27 07:30:00,2024-01-27 16:15:00,91.13,93.15,17.24,14.29,82.32,89.98,98.76001316800176,192.14,10989.17,11181.31,90.22,100.24,win
2024-01-28 18:15:00,2024-01-28 19:45:00,95.46,94.51,13.51,12.54,13.82,16.98,94.28032683846638,-97.13,11181.31,11084.18,94.51,105.01,loss
2024-01-29 06:00:00,2024-01-29 16:45:00,96.74,101.04,19.06,13.18,88.08,88.57,93.03287161463717,392.52,11084.18,11476.7,95.77,106.41,win
2024-01-30 23:45:00,2024-01-31 00:15:00,101.4,100.39,8.79,3.56,25.04,8.88,88.75739644970413,-97.13,11476.7,11379.57,100.39,111.54,loss
2024-01-31 21:30:00,2024-02-01 01:00:00,97.21,96.24,19.38,8.17,11.0,32.45,92.58306758563934,-97.13,11379.57,11282.45,96.24,106.93,loss
2024-02-01 02:30:00,2024-02-01 18:15:00,94.36,97.05,18.54,14.24,80.61,84.37,95.3793980500212,249.17,11282.45,11531.61,93.42,103.8,win
2024-02-02 18:30:00,2024-02-02 23:00:00,98.96,100.63,18.39,17.66,89.23,90.89,90.94583670169766,144.56,11531.61,11676.17,97.97,108.86,win
2024-02-04 07:15:00,2024-02-04 11:45:00,96.7,97.91,17.89,12.46,85.17,85.22,93.07135470527405,105.33,11676.17,11781.49,95.73,106.37,win
2024-02-04 20:15:00,2024-02-05 01:00:00,95.99,95.03,18.69,17.86,9.51,26.18,93.75976664235858,-97.13,11781.49,11684.37,95.03,105.59,loss
2024-02-05 16:00:00,2024-02-05 21:45:00,95.9,94.94,19.31,11.0,3.01,35.69,93.84775808133472,-97.13,11684.37,11587.24,94.94,105.49,loss
2024-02-06 11:00:00,2024-02-06 16:30:00,93.53,95.68,18.73,17.13,80.74,91.73,96.22580990056666,199.52,11587.24,11786.76,92.59,102.88,win
2024-02-07 04:00:00,2024-02-07 17:30:00,95.6,97.56,9.76,5.6,80.49,89.75,94.14225941422595,177.17,11786.76,11963.93,94.64,105.16,win
2024-02-08 07:00:00,2024-02-08 16:00:00,100.84,104.48,19.88,13.65,87.44,88.3,89.25029750099166,317.41,11963.93,12281.34,99.83,110.92,win
2024-02-10 07:15:00,2024-02-10 10:45:00,109.1,108.01,19.63,13.93,5.76,32.59,82.49312557286893,-97.13,12281.34,12184.21,108.01,120.01,loss
2024-02-11 23:45:00,2024-02-12 02:30:00,107.46,106.39,14.19,12.39,15.9,26.07,83.75209380234506,-97.13,12184.21,12087.09,106.39,118.21,loss
2024-02-14 18:15:00,2024-02-15 00:45:00,115.67,117.97,19.48,18.07,82.35,85.77,77.80755597821388,171.61,12087.09,12258.7,114.51,127.24,win
2024-02-15 18:45:00,2024-02-15 21:45:00,113.61,112.47,18.81,18.78,9.43,26.21,79.21837866385002,-97.13,12258.7,12161.57,112.47,124.97,loss
2024-02-16 15:15:00,2024-02-17 13:15:00,108.84,107.75,17.14,15.4,20.2,35.72,82.6901874310915,-97.13,12161.57,12064.44,107.75,119.72,loss
2024-02-17 14:15:00,2024-02-17 18:00:00,106.85,107.38,12.05,11.71,83.51,90.66,84.23022929340198,37.41,12064.44,12101.85,105.78,117.54,win
2024-02-18 03:30:00,2024-02-18 05:45:00,107.92,109.49,18.22,16.18,90.37,91.4,83.39510748702743,123.63,12101.85,12225.48,106.84,118.71,win
2024-02-19 19:00:00,2024-02-20 01:15:00,111.72,110.6,7.77,6.29,11.05,11.23,80.55853920515575,-97.13,12225.48,12128.35,110.6,122.89,loss
2024-02-20 01:30:00,2024-02-20 06:15:00,109.68,110.63,15.29,10.41,83.33,91.44,82.05689277899343,70.69,12128.35,12199.04,108.58,120.65,win
2024-02-21 02:30:00,2024-02-21 06:45:00,107.02,105.95,18.48,8.93,25.0,33.98,84.09643057372455,-97.13,12199.04,12101.91,105.95,117.72,loss
2024-02-21 10:00:00,2024-02-21 14:15:00,103.15,102.12,19.27,11.27,7.35,42.47,87.2515753756665,-97.13,12101.91,12004.78,102.12,113.47,loss
2024-02-22 13:45:00,2024-02-22 22:15:00,103.88,102.84,17.86,10.35,1.64,16.25,86.63842895648826,-97.13,12004.78,11907.65,102.84,114.27,loss
2024-02-23 00:00:00,2024-02-23 06:15:00,101.93,102.48,10.53,7.59,83.62,85.87,88.2958893358187,41.32,11907.65,11948.98,100.91,112.12,win
2024-02-25 01:15:00,2024-02-25 09:00:00,103.53,102.49,15.92,10.12,17.01,17.42,86.93132425383946,-97.13,11948.98,11851.85,102.49,113.88,loss
2024-02-25 10:00:00,2024-02-26 06:30:00,102.47,104.04,18.37,17.82,90.82,92.0,87.83058456133503,130.58,11851.85,11982.43,101.45,112.72,win
2024-02-26 12:15:00,2024-02-26 15:00:00,100.89,103.26,16.04,10.32,90.83,93.97,89.20606601248885,204.05,11982.43,12186.48,99.88,110.98,win
2024-02-27 15:00:00,2024-02-27 15:30:00,109.07,107.98,17.23,17.04,10.11,15.42,82.51581553131017,-97.13,12186.48,12089.36,107.98,119.98,loss
2024-02-27 16:00:00,2024-02-27 21:15:00,106.58,108.89,19.23,16.65,82.69,88.89,84.4436104334772,187.71,12089.36,12277.06,105.51,117.24,win
2024-03-01 08:00:00,2024-03-01 16:30:00,131.6,130.28,12.06,10.36,10.58,15.46,68.38905775075987,-97.13,12277.06,12179.94,130.28,144.76,loss
2024-03-04 04:00:00,2024-03-04 08:45:00,129.04,132.0,13.54,10.97,87.18,87.8,69.74581525108493,199.08,12179.94,12379.02,127.75,141.94,win
2024-03-05 03:15:00,2024-03-05 19:30:00,129.84,128.54,15.87,11.3,17.18,25.51,69.31608133086876,-97.13,12379.02,12281.89,128.54,142.82,loss
2024-03-07 21:45:00,2024-03-07 23:45:00,145.32,143.87,19.11,17.56,7.75,8.52,61.93228736581338,-97.13,12281.89,12184.76,143.87,159.85,loss
2024-03-08 21:45:00,2024-03-09 05:00:00,144.18,146.82,12.48,6.95,84.36,84.82,62.421972534332085,157.46,12184.76,12342.23,142.74,158.6,win
2024-03-09 23:30:00,2024-03-10 02:00:00,144.53,146.76,19.63,14.04,86.05,89.82,62.27080882861689,131.55,12342.23,12473.78,143.08,158.98,win
2024-03-10 14:30:00,2024-03-10 22:30:00,142.23,140.81,15.43,9.81,1.84,12.5,63.27778949588695,-97.13,12473.78,12376.65,140.81,156.45,loss
2024-03-18 23:15:00,2024-03-18 23:30:00,198.52,196.53,19.02,14.52,0.3,11.08,45.33548257102559,-97.13,12376.65,12279.52,196.53,218.37,loss
2024-03-19 00:00:00,2024-03-19 00:45:00,196.84,194.87,14.11,11.37,4.7,8.35,45.72241414346677,-97.13,12279.52,12182.39,194.87,216.52,loss
2024-03-19 01:15:00,2024-03-19 02:30:00,188.37,186.49,10.33,7.87,7.47,10.45,47.778308647873864,-97.13,12182.39,12085.27,186.49,207.21,loss
2024-03-19 02:45:00,2024-03-19 03:30:00,183.66,181.82,9.5,8.51,8.83,8.6,49.00359359686377,-97.13,12085.27,11988.14,181.82,202.03,loss
2024-03-19 21:00:00,2024-03-19 22:00:00,173.45,171.72,9.99,6.94,0.73,7.56,51.88815220524647,-97.13,11988.14,11891.01,171.72,190.8,loss
2024-03-19 22:30:00,2024-03-20 05:15:00,167.16,165.49,6.53,5.17,12.83,8.86,53.84063173007897,-97.13,11891.01,11793.88,165.49,183.88,loss
2024-03-21 04:45:00,2024-03-21 05:15:00,188.51,186.62,19.95,11.53,18.13,14.9,47.742825314306934,-97.13,11793.88,11696.75,186.62,207.36,loss
2024-03-21 15:45:00,2024-03-21 17:15:00,185.32,183.47,19.92,15.19,1.61,29.96,48.56464493848478,-97.13,11696.75,11599.63,183.47,203.85,loss
2024-03-21 18:15:00,2024-03-21 18:30:00,180.19,178.39,12.27,5.7,1.18,5.62,49.9472778733559,-97.13,11599.63,11502.5,178.39,198.21,loss
2024-03-21 18:45:00,2024-03-22 01:45:00,178.51,176.72,12.27,8.0,3.73,24.17,50.41734356618677,-97.13,11502.5,11405.37,176.72,196.36,loss
2024-03-22 10:30:00,2024-03-22 11:45:00,175.24,173.49,18.01,10.65,5.01,10.32,51.35813741154987,-97.13,11405.37,11308.24,173.49,192.76,loss
2024-03-22 12:00:00,2024-03-22 13:30:00,172.58,170.85,16.75,12.34,5.8,20.64,52.149727662533316,-97.13,11308.24,11211.11,170.85,189.84,loss
2024-03-22 14:30:00,2024-03-23 00:15:00,169.02,174.07,19.0,11.29,81.3,89.88,53.24813631522896,261.49,11211.11,11472.6,167.33,185.92,win
2024-03-23 21:00:00,2024-03-24 19:45:00,173.34,176.09,17.78,12.14,83.75,87.56,51.92107995846313,135.47,11472.6,11608.07,171.61,190.67,win
2024-03-27 07:45:00,2024-03-27 09:00:00,186.79,184.92,16.67,12.15,5.76,14.99,48.182450880668135,-97.13,11608.07,11510.94,184.92,205.47,loss
2024-03-28 02:45:00,2024-03-28 07:00:00,182.02,186.48,13.78,10.5,91.45,95.07,49.44511592132732,213.15,11510.94,11724.09,180.2,200.22,win
2024-04-01 15:00:00,2024-04-01 21:30:00,188.97,193.17,16.93,9.12,87.81,92.74,47.626607397999685,192.67,11724.09,11916.76,187.08,207.87,win
2024-04-04 04:00:00,2024-04-04 07:30:00,181.12,185.34,9.12,8.99,91.72,92.54,49.69081272084806,202.33,11916.76,12119.09,179.31,199.23,win
2024-04-04 20:15:00,2024-04-05 02:30:00,182.38,180.56,13.41,12.06,5.66,18.43,49.347516175019194,-97.13,12119.09,12021.96,180.56,200.62,loss
2024-04-05 05:15:00,2024-04-05 09:00:00,174.44,172.7,13.33,8.94,26.06,39.81,51.593671176335704,-97.13,12021.96,11924.83,172.7,191.88,loss
2024-04-06 10:30:00,2024-04-06 13:15:00,175.75,173.99,14.83,13.55,2.55,10.09,51.209103840682786,-97.13,11924.83,11827.71,173.99,193.32,loss
2024-04-06 13:30:00,2024-04-07 02:00:00,174.24,181.84,15.2,9.6,84.04,88.72,51.65289256198347,385.05,11827.71,12212.75,172.5,191.66,win
2024-04-07 18:30:00,2024-04-08 02:45:00,178.65,176.86,19.24,13.61,10.0,18.26,50.377833753148614,-97.13,12212.75,12115.63,176.86,196.52,loss
2024-04-09 15:15:00,2024-04-10 12:15:00,170.39,168.69,16.91,16.75,29.23,32.84,52.82000117377781,-97.13,12115.63,12018.5,168.69,187.43,loss
2024-04-11 10:15:00,2024-04-11 11:45:00,173.26,171.53,15.74,12.01,7.22,8.83,51.94505367655547,-97.13,12018.5,11921.37,171.53,190.59,loss
2024-04-11 12:00:00,2024-04-11 17:45:00,170.84,174.76,13.31,10.8,84.36,86.46,52.68087099040037,199.14,11921.37,12120.51,169.13,187.92,win
2024-04-11 22:00:00,2024-04-12 12:30:00,172.98,171.25,15.87,9.91,11.58,40.03,52.02913631633715,-97.13,12120.51,12023.39,171.25,190.28,loss
2024-04-12 13:45:00,2024-04-12 16:15:00,167.74,166.06,18.09,14.08,20.31,16.68,53.65446524382973,-97.13,12023.39,11926.26,166.06,184.51,loss
2024-04-13 09:00:00,2024-04-13 15:00:00,150.12,148.62,13.04,10.95,8.8,18.85,59.95203836930455,-97.13,11926.26,11829.13,148.62,165.13,loss
2024-04-13 16:45:00,2024-04-13 17:00:00,145.61,144.15,13.77,11.14,3.25,7.84,61.808941693565,-97.13,11829.13,11732.0,144.15,160.17,loss
2024-04-13 17:30:00,2024-04-13 19:45:00,139.05,137.66,17.8,9.26,20.26,33.5,64.72491909385113,-97.13,11732.0,11634.87,137.66,152.96,loss
2024-04-14 03:15:00,2024-04-14 05:45:00,131.94,142.59,13.83,8.6,91.28,91.53,68.21282401091405,718.69,11634.87,12353.56,130.62,145.13,win
2024-04-14 12:15:00,2024-04-14 14:00:00,138.55,137.16,7.87,7.47,4.42,31.21,64.95849873691807,-97.13,12353.56,12256.43,137.16,152.41,loss
2024-04-15 12:00:00,2024-04-15 13:45:00,151.46,149.95,16.83,13.69,13.01,32.51,59.42162947312821,-97.13,12256.43,12159.3,149.95,166.61,loss
2024-04-15 15:45:00,2024-04-15 16:15:00,143.31,141.88,17.7,16.89,1.69,14.07,62.80092108017584,-97.13,12159.3,12062.18,141.88,157.64,loss
2024-04-15 17:00:00,2024-04-15 17:15:00,141.17,139.76,12.78,7.07,0.42,4.45,63.75292200892542,-97.13,12062.18,11965.05,139.76,155.29,loss
2024-04-15 17:45:00,2024-04-15 18:15:00,139.47,138.08,15.12,6.94,14.12,8.15,64.53000645300065,-97.13,11965.05,11867.92,138.08,153.42,loss
2024-04-16 16:15:00,2024-04-16 22:00:00,127.84,137.13,16.84,14.8,86.89,87.85,70.40050062578223,646.3,11867.92,12514.22,126.56,140.62,win
2024-04-17 11:00:00,2024-04-17 11:45:00,137.08,135.71,19.46,15.39,4.91,11.59,65.65509191712867,-97.13,12514.22,12417.09,135.71,150.79,loss
2024-04-17 12:30:00,2024-04-17 14:15:00,131.52,130.2,9.19,8.35,10.92,25.18,68.43065693430657,-97.13,12417.09,12319.96,130.2,144.67,loss
2024-04-18 00:15:00,2024-04-18 03:45:00,130.48,135.58,6.0,5.0,84.71,88.41,68.97608828939302,344.3,12319.96,12664.26,129.18,143.53,win
2024-04-18 06:45:00,2024-04-18 07:45:00,131.09,129.78,18.47,16.03,5.97,12.75,68.65512243496833,-97.13,12664.26,12567.13,129.78,144.2,loss
2024-04-18 08:15:00,2024-04-18 11:45:00,129.28,135.81,19.39,10.17,87.31,89.22,69.61633663366337,447.03,12567.13,13014.16,127.99,142.21,win
2024-04-19 01:15:00,2024-04-19 01:30:00,134.96,133.61,6.45,3.9,4.67,3.87,66.68642560758742,-97.13,13014.16,12917.03,133.61,148.46,loss
2024-04-19 02:30:00,2024-04-19 05:15:00,129.79,138.43,8.43,4.78,80.21,88.23,69.34278449803529,591.44,12917.03,13508.48,128.49,142.77,win
2024-04-20 09:15:00,2024-04-20 16:30:00,141.85,147.75,19.79,19.73,90.39,90.74,63.447303489601694,366.84,13508.48,13875.31,140.43,156.04,win
2024-04-20 23:00:00,2024-04-21 16:30:00,149.73,148.23,19.15,10.47,15.87,32.36,60.10819475055099,-97.13,13875.31,13778.19,148.23,164.7,loss
2024-04-22 02:45:00,2024-04-22 06:15:00,147.38,155.89,15.4,10.92,92.26,95.6,61.06663047903379,512.06,13778.19,14290.25,145.91,162.12,win
2024-04-23 04:00:00,2024-04-23 06:45:00,156.15,154.59,18.46,14.21,18.36,27.69,57.63688760806916,-97.13,14290.25,14193.12,154.59,171.76,loss
2024-04-23 07:30:00,2024-04-24 15:30:00,153.73,152.19,18.25,14.65,2.33,12.93,58.544200871658106,-97.13,14193.12,14095.99,152.19,169.1,loss
2024-04-24 16:00:00,2024-04-24 18:30:00,152.07,150.55,11.37,8.24,3.55,16.22,59.18327086210298,-97.13,14095.99,13998.86,150.55,167.28,loss
2024-04-26 00:15:00,2024-04-26 13:00:00,143.34,141.91,6.87,3.81,12.58,45.68,62.78777731268313,-97.13,13998.86,13901.74,141.91,157.67,loss
2024-04-26 23:00:00,2024-04-27 00:30:00,139.66,138.26,18.15,10.9,8.02,11.67,64.44221681225834,-97.13,13901.74,13804.61,138.26,153.63,loss
2024-04-27 01:15:00,2024-04-28 01:45:00,134.78,143.13,19.0,12.39,92.06,92.22,66.77548597714794,549.93,13804.61,14354.54,133.43,148.26,win
2024-04-28 22:30:00,2024-04-28 23:15:00,139.71,138.31,11.73,10.5,6.41,10.76,64.41915396177797,-97.13,14354.54,14257.41,138.31,153.68,loss
2024-04-28 23:45:00,2024-04-29 02:45:00,137.99,136.61,19.2,11.33,14.66,27.98,65.22211754474962,-97.13,14257.41,14160.28,136.61,151.79,loss
2024-04-30 05:15:00,2024-04-30 08:00:00,135.64,134.28,18.97,17.24,7.36,36.26,66.35210852255972,-97.13,14160.28,14063.15,134.28,149.2,loss
2024-04-30 08:45:00,2024-04-30 11:00:00,130.87,129.56,13.09,11.6,8.69,9.68,68.77053564606098,-97.13,14063.15,13966.03,129.56,143.96,loss
2024-04-30 11:45:00,2024-04-30 15:30:00,128.78,127.49,7.87,6.4,13.55,45.29,69.88662835844075,-97.13,13966.03,13868.9,127.49,141.66,loss
2024-05-01 07:00:00,2024-05-01 08:15:00,121.33,120.12,17.11,10.97,16.3,23.9,74.17786202917662,-97.13,13868.9,13771.77,120.12,133.46,loss
2024-05-02 01:30:00,2024-05-02 05:15:00,130.11,128.81,16.39,8.77,0.0,37.19,69.17223887479824,-97.13,13771.77,13674.64,128.81,143.12,loss
2024-05-03 07:45:00,2024-05-03 13:45:00,137.23,142.97,11.29,10.55,87.64,89.94,65.58332726080303,368.95,13674.64,14043.59,135.86,150.95,win
2024-05-04 07:45:00,2024-05-04 20:15:00,143.96,147.46,11.9,9.12,83.92,87.03,62.51736593498194,211.44,14043.59,14255.02,142.52,158.36,win
2024-05-05 20:45:00,2024-05-06 01:15:00,145.42,147.48,14.58,9.61,82.25,87.55,61.889698803465826,120.19,14255.02,14375.21,143.97,159.96,win
2024-05-07 18:45:00,2024-05-07 22:00:00,151.78,150.26,19.39,14.39,1.69,18.79,59.29634998023455,-97.13,14375.21,14278.09,150.26,166.96,loss
2024-05-08 08:15:00,2024-05-08 09:30:00,146.79,145.32,16.77,13.67,1.94,10.18,61.31207847946046,-97.13,14278.09,14180.96,145.32,161.47,loss
2024-05-08 09:45:00,2024-05-08 20:00:00,145.97,144.51,16.48,11.62,2.06,18.42,61.656504761252314,-97.13,14180.96,14083.83,144.51,160.57,loss
2024-05-08 20:15:00,2024-05-08 20:45:00,142.82,141.39,15.89,14.49,9.26,9.02,63.01638425990758,-97.13,14083.83,13986.7,141.39,157.1,loss
2024-05-08 21:15:00,2024-05-09 01:15:00,141.59,143.97,17.43,9.67,94.82,96.24,63.56381100360195,143.96,13986.7,14130.66,140.17,155.75,win
2024-05-09 10:30:00,2024-05-09 15:00:00,141.81,146.7,19.48,16.72,83.83,84.59,63.465199915379735,302.9,14130.66,14433.56,140.39,155.99,win
2024-05-10 13:30:00,2024-05-10 14:15:00,152.86,151.33,13.9,12.95,7.61,9.53,58.87740416066989,-97.13,14433.56,14336.43,151.33,168.15,loss
2024-05-10 14:45:00,2024-05-10 22:15:00,147.49,146.02,18.29,10.74,11.32,19.2,61.02108617533392,-97.13,14336.43,14239.3,146.02,162.24,loss
2024-05-10 22:30:00,2024-05-11 03:45:00,145.23,143.78,17.45,17.2,7.09,14.32,61.97066721751705,-97.13,14239.3,14142.18,143.78,159.75,loss
2024-05-11 04:00:00,2024-05-11 06:30:00,143.95,145.88,14.19,12.73,81.47,82.34,62.521708926710666,113.37,14142.18,14255.55,142.51,158.34,win
2024-05-12 07:30:00,2024-05-13 01:30:00,144.35,142.91,16.87,13.7,2.88,50.79,62.348458607551095,-97.13,14255.55,14158.42,142.91,158.78,loss
2024-05-13 02:45:00,2024-05-13 03:00:00,140.48,139.08,10.49,7.8,0.66,3.33,64.06605922551253,-97.13,14158.42,14061.29,139.08,154.53,loss
2024-05-13 03:15:00,2024-05-13 08:30:00,139.16,145.19,10.67,5.21,90.15,91.88,64.67375682667434,382.47,14061.29,14443.76,137.77,153.08,win
2024-05-14 03:00:00,2024-05-14 05:15:00,146.19,148.68,19.07,17.24,87.91,88.35,61.563718448594294,145.97,14443.76,14589.73,144.73,160.81,win
2024-05-14 16:15:00,2024-05-15 04:00:00,142.78,143.81,17.39,16.94,87.54,92.99,63.03403838072559,57.67,14589.73,14647.41,141.35,157.06,win
2024-05-17 18:15:00,2024-05-17 21:15:00,167.47,168.52,16.39,13.57,81.47,82.89,53.74096853167732,49.18,14647.41,14696.59,165.8,184.22,win
2024-05-19 13:00:00,2024-05-19 15:00:00,169.03,167.34,8.74,7.25,10.31,14.57,53.244986097142515,-97.13,14696.59,14599.46,167.34,185.93,loss
2024-05-21 07:30:00,2024-05-21 13:00:00,180.8,178.99,15.57,15.04,3.12,14.16,49.7787610619469,-97.13,14599.46,14502.33,178.99,198.88,loss
2024-05-21 15:15:00,2024-05-21 19:15:00,177.9,176.12,18.41,8.55,16.32,37.72,50.5902192242833,-97.13,14502.33,14405.2,176.12,195.69,loss
2024-05-22 18:30:00,2024-05-23 01:00:00,178.34,176.56,12.94,10.21,15.44,23.58,50.465403162498596,-97.13,14405.2,14308.08,176.56,196.17,loss
2024-05-24 02:00:00,2024-05-24 04:15:00,172.98,171.25,8.13,4.75,1.27,13.17,52.02913631633715,-97.13,14308.08,14210.95,171.25,190.28,loss
2024-05-24 04:30:00,2024-05-24 05:00:00,170.08,168.38,12.14,11.36,1.73,6.74,52.91627469426152,-97.13,14210.95,14113.82,168.38,187.09,loss
2024-05-24 05:15:00,2024-05-24 06:15:00,167.76,166.08,11.0,5.63,1.43,12.93,53.6480686695279,-97.13,14113.82,14016.69,166.08,184.54,loss
2024-05-24 07:00:00,2024-05-24 08:00:00,166.6,164.93,19.76,14.1,3.24,14.19,54.021608643457384,-97.13,14016.69,13919.56,164.93,183.26,loss
2024-05-26 09:45:00,2024-05-26 18:00:00,162.95,161.32,15.13,9.62,2.14,12.6,55.23166615526235,-97.13,13919.56,13822.44,161.32,179.24,loss
2024-05-26 18:30:00,2024-05-26 22:45:00,161.84,163.76,14.86,10.8,87.34,93.17,55.61047948591201,99.49,13822.44,13921.92,160.22,178.02,win
2024-05-28 04:45:00,2024-05-28 08:45:00,165.7,167.67,10.88,10.02,83.61,83.81,54.31502715751358,99.72,13921.92,14021.64,164.04,182.27,win
2024-05-30 06:30:00,2024-05-30 07:45:00,167.06,165.39,18.34,11.44,11.56,11.43,53.87286005028133,-97.13,14021.64,13924.51,165.39,183.77,loss
2024-05-30 08:15:00,2024-05-30 11:30:00,164.53,166.82,14.89,10.65,87.67,91.36,54.7012702850544,117.97,13924.51,14042.48,162.88,180.98,win
2024-05-30 20:15:00,2024-05-31 00:30:00,167.53,165.85,19.79,16.07,9.95,20.57,53.72172148271951,-97.13,14042.48,13945.35,165.85,184.28,loss
2024-05-31 14:45:00,2024-05-31 15:45:00,166.65,164.98,17.82,9.23,0.97,9.15,54.005400540054005,-97.13,13945.35,13848.22,164.98,183.32,loss
2024-05-31 16:15:00,2024-06-02 17:15:00,164.88,163.23,17.36,7.45,20.17,16.08,54.58515283842795,-97.13,13848.22,13751.09,163.23,181.37,loss
2024-06-03 22:30:00,2024-06-04 02:00:00,165.37,166.36,19.38,18.4,81.35,86.5,54.42341416218177,46.64,13751.09,13797.73,163.72,181.91,win
2024-06-06 06:00:00,2024-06-06 19:00:00,172.53,170.8,13.02,7.15,2.96,11.67,52.164840897235266,-97.13,13797.73,13700.6,170.8,189.78,loss
2024-06-06 19:30:00,2024-06-07 05:00:00,169.13,171.75,10.86,5.03,85.45,90.64,53.213504404895644,132.11,13700.6,13832.71,167.44,186.04,win
2024-06-08 22:30:00,2024-06-09 06:30:00,157.98,159.16,19.93,10.14,90.41,94.75,56.9692366122294,59.97,13832.71,13892.68,156.4,173.78,win
2024-06-10 04:00:00,2024-06-10 07:45:00,159.7,158.1,15.7,12.43,5.16,16.91,56.355666875391364,-97.13,13892.68,13795.55,158.1,175.67,loss
2024-06-11 17:30:00,2024-06-12 04:45:00,146.6,151.28,18.23,18.1,89.57,95.15,61.391541609822646,279.88,13795.55,14075.43,145.13,161.26,win
2024-06-13 03:15:00,2024-06-13 14:15:00,150.55,149.04,15.99,15.68,12.0,38.77,59.78080371969445,-97.13,14075.43,13978.3,149.04,165.6,loss
2024-06-13 15:45:00,2024-06-14 14:30:00,146.87,145.4,11.99,9.63,15.85,23.76,61.278681827466464,-97.13,13978.3,13881.18,145.4,161.56,loss
2024-06-15 08:15:00,2024-06-15 12:15:00,143.92,144.39,19.02,18.1,84.76,87.71,62.53474152306838,22.17,13881.18,13903.34,142.48,158.31,win
2024-06-16 03:30:00,2024-06-16 16:15:00,144.02,148.75,8.24,7.63,86.47,92.5,62.49132064990973,288.15,13903.34,14191.49,142.58,158.42,win
2024-06-17 02:30:00,2024-06-17 06:45:00,148.28,146.8,14.81,10.47,7.26,26.31,60.695980577286214,-97.13,14191.49,14094.36,146.8,163.11,loss
2024-06-18 01:15:00,2024-06-18 01:30:00,137.98,136.6,19.2,13.35,7.41,13.27,65.22684447021308,-97.13,14094.36,13997.24,136.6,151.78,loss
2024-06-19 09:15:00,2024-06-19 14:00:00,138.23,136.85,10.92,7.21,4.05,37.45,65.10887651016422,-97.13,13997.24,13900.11,136.85,152.05,loss
2024-06-19 20:45:00,2024-06-20 03:00:00,135.39,134.04,14.69,14.39,3.76,13.73,66.47462884998893,-97.13,13900.11,13802.98,134.04,148.93,loss
2024-06-20 03:45:00,2024-06-20 06:15:00,133.06,136.2,9.91,9.66,82.66,86.12,67.6386592514655,205.02,13802.98,14008.0,131.73,146.37,win
2024-06-21 18:00:00,2024-06-22 04:00:00,129.62,134.86,17.2,14.19,81.22,84.84,69.43372936275266,356.34,14008.0,14364.34,128.32,142.58,win
2024-06-22 08:30:00,2024-06-23 14:00:00,134.33,132.99,18.03,15.5,8.24,16.65,66.99918112111962,-97.13,14364.34,14267.21,132.99,147.76,loss
2024-06-23 16:00:00,2024-06-23 20:30:00,131.8,130.48,18.5,11.78,28.0,35.03,68.28528072837632,-97.13,14267.21,14170.08,130.48,144.98,loss
2024-06-23 23:45:00,2024-06-24 01:30:00,128.69,127.4,15.93,14.14,16.43,25.56,69.93550392415884,-97.13,14170.08,14072.95,127.4,141.56,loss
2024-06-24 04:15:00,2024-06-24 05:30:00,126.06,124.8,15.53,13.29,5.88,15.67,71.39457401237506,-97.13,14072.95,13975.82,124.8,138.67,loss
2024-06-24 05:45:00,2024-06-24 10:45:00,123.93,126.85,15.03,13.1,88.18,88.81,72.62164124909222,204.69,13975.82,14180.51,122.69,136.32,win
2024-06-25 08:30:00,2024-06-25 11:00:00,133.79,138.39,9.44,8.61,86.47,89.17,67.26960161447045,301.99,14180.51,14482.5,132.45,147.17,win
2024-06-25 23:15:00,2024-06-27 10:00:00,136.29,138.13,13.69,9.82,80.94,93.23,66.03565925599824,114.21,14482.5,14596.71,134.93,149.92,win
2024-06-28 03:15:00,2024-06-28 04:15:00,147.25,145.78,17.09,12.16,3.93,16.03,61.120543293718164,-97.13,14596.71,14499.58,145.78,161.98,loss
2024-06-28 05:15:00,2024-06-28 14:00:00,144.69,143.24,8.64,6.93,10.02,23.68,62.201948994401825,-97.13,14499.58,14402.46,143.24,159.16,loss
2024-06-28 15:00:00,2024-06-28 20:45:00,141.49,140.08,8.26,7.17,10.29,23.72,63.60873559968902,-97.13,14402.46,14305.33,140.08,155.64,loss
2024-06-29 05:30:00,2024-06-30 02:30:00,140.32,138.92,9.52,9.05,14.66,22.88,64.13911060433296,-97.13,14305.33,14208.2,138.92,154.35,loss
2024-06-30 04:30:00,2024-06-30 07:45:00,137.81,140.64,12.57,12.28,88.09,92.99,65.30730716203469,177.47,14208.2,14385.67,136.43,151.59,win
2024-07-01 11:45:00,2024-07-02 02:15:00,146.14,148.13,9.12,8.16,82.42,83.98,61.58478171616259,115.26,14385.67,14500.93,144.68,160.75,win
2024-07-02 07:45:00,2024-07-02 11:30:00,147.43,149.58,15.31,10.61,83.85,90.34,61.045920097673466,123.94,14500.93,14624.87,145.96,162.17,win
2024-07-03 02:45:00,2024-07-03 03:00:00,152.14,150.62,18.29,17.7,1.52,14.99,59.156040489023276,-97.13,14624.87,14527.74,150.62,167.35,loss
2024-07-03 05:30:00,2024-07-03 07:15:00,148.3,146.82,10.28,9.96,1.14,18.23,60.68779501011463,-97.13,14527.74,14430.61,146.82,163.13,loss
2024-07-03 08:00:00,2024-07-03 10:45:00,145.74,144.28,15.33,6.76,15.96,20.09,61.753808151502675,-97.13,14430.61,14333.49,144.28,160.31,loss
2024-07-03 11:00:00,2024-07-03 12:30:00,143.96,142.52,19.17,17.52,13.22,16.69,62.51736593498194,-97.13,14333.49,14236.36,142.52,158.36,loss
2024-07-04 23:30:00,2024-07-05 00:00:00,128.44,127.16,9.98,6.09,0.32,6.52,70.07162877608222,-97.13,14236.36,14139.23,127.16,141.28,loss
2024-07-07 01:00:00,2024-07-07 04:45:00,141.12,139.71,8.54,7.24,6.6,28.48,63.775510204081634,-97.13,14139.23,14042.1,139.71,155.23,loss
2024-07-07 14:00:00,2024-07-07 21:15:00,136.38,135.02,10.89,8.66,0.17,8.99,65.99208095028597,-97.13,14042.1,13944.97,135.02,150.02,loss
2024-07-07 21:30:00,2024-07-07 23:30:00,134.26,132.92,10.25,8.04,4.52,7.99,67.03411291523909,-97.13,13944.97,13847.85,132.92,147.69,loss
2024-07-08 00:00:00,2024-07-08 00:30:00,131.92,130.6,11.26,10.01,8.12,11.47,68.22316555488176,-97.13,13847.85,13750.72,130.6,145.11,loss
2024-07-09 10:45:00,2024-07-09 14:45:00,141.43,140.02,17.85,11.51,1.68,44.77,63.63572085130453,-97.13,13750.72,13653.59,140.02,155.57,loss
2024-07-11 14:45:00,2024-07-11 15:45:00,140.79,139.38,12.95,8.25,9.14,8.89,63.924994672917116,-97.13,13653.59,13556.46,139.38,154.87,loss
2024-07-14 12:30:00,2024-07-15 02:30:00,143.87,151.47,9.54,9.37,86.29,86.39,62.55647459512059,467.85,13556.46,14024.31,142.43,158.26,win
2024-07-15 11:15:00,2024-07-15 21:15:00,151.52,157.05,16.76,16.18,88.48,90.5,59.39809926082365,321.01,14024.31,14345.32,150.0,166.67,win
2024-07-16 03:00:00,2024-07-16 06:45:00,156.48,154.92,8.11,6.99,6.82,28.06,57.515337423312886,-97.13,14345.32,14248.19,154.92,172.13,loss
2024-07-16 08:30:00,2024-07-16 12:00:00,153.7,156.89,18.11,15.1,85.38,91.17,58.555627846454136,179.44,14248.19,14427.64,152.16,169.07,win
2024-07-17 13:30:00,2024-07-17 15:45:00,160.43,158.83,19.69,16.02,5.99,14.18,56.09923331047809,-97.13,14427.64,14330.51,158.83,176.47,loss
2024-07-17 16:45:00,2024-07-18 21:30:00,155.93,157.92,16.71,8.08,88.51,93.36,57.71820688770602,107.57,14330.51,14438.07,154.37,171.52,win
2024-07-20 11:30:00,2024-07-20 18:00:00,168.43,173.93,19.89,19.35,89.64,90.57,53.434661283619306,286.46,14438.07,14724.53,166.75,185.27,win
2024-07-21 05:00:00,2024-07-21 07:15:00,173.04,171.31,18.81,16.88,8.13,14.24,52.01109570041609,-97.13,14724.53,14627.4,171.31,190.34,loss
2024-07-22 02:00:00,2024-07-22 05:30:00,181.72,179.9,16.26,8.17,0.0,20.26,49.52674444199868,-97.13,14627.4,14530.27,179.9,199.89,loss
2024-07-23 05:15:00,2024-07-23 10:00:00,174.66,178.05,14.5,11.87,83.96,85.82,51.528684300927516,167.34,14530.27,14697.62,172.91,192.13,win
2024-07-27 15:45:00,2024-07-27 19:00:00,182.52,180.69,14.43,9.58,23.53,29.8,49.30966469428007,-97.13,14697.62,14600.49,180.69,200.77,loss
2024-07-28 05:00:00,2024-07-28 11:15:00,181.97,185.38,14.44,10.37,81.49,86.09,49.45870198384349,161.32,14600.49,14761.81,180.15,200.17,win
2024-07-29 15:15:00,2024-07-29 16:30:00,186.54,184.67,18.78,14.97,3.48,18.41,48.24702476680605,-97.13,14761.81,14664.68,184.67,205.19,loss
2024-07-30 10:45:00,2024-07-30 17:00:00,180.87,179.06,16.86,16.71,16.77,46.74,49.75949577044286,-97.13,14664.68,14567.55,179.06,198.96,loss
2024-07-30 18:00:00,2024-07-30 21:30:00,177.65,179.36,18.99,14.88,87.25,91.53,50.66141289051506,79.36,14567.55,14646.91,175.87,195.42,win
2024-07-31 11:45:00,2024-07-31 18:15:00,181.72,179.9,11.76,7.94,3.21,38.07,49.52674444199868,-97.13,14646.91,14549.79,179.9,199.89,loss
2024-07-31 20:15:00,2024-07-31 20:45:00,175.39,173.64,12.27,11.04,0.97,11.32,51.31421403728833,-97.13,14549.79,14452.66,173.64,192.93,loss
2024-07-31 21:00:00,2024-07-31 21:15:00,174.89,173.14,15.97,10.36,0.0,7.91,51.460918291497514,-97.13,14452.66,14355.53,173.14,192.38,loss
2024-07-31 21:30:00,2024-07-31 23:45:00,173.56,171.82,9.61,7.38,2.16,12.05,51.85526619036644,-97.13,14355.53,14258.4,171.82,190.92,loss
2024-08-01 00:00:00,2024-08-01 02:15:00,172.23,170.51,16.02,11.46,3.4,29.01,52.255704581083435,-97.13,14258.4,14161.27,170.51,189.45,loss
2024-08-01 04:45:00,2024-08-01 14:45:00,166.63,164.96,10.38,5.94,5.19,19.05,54.01188261417512,-97.13,14161.27,14064.15,164.96,183.29,loss
2024-08-01 15:30:00,2024-08-01 16:15:00,162.69,161.06,14.1,7.55,6.22,10.91,55.31993361607966,-97.13,14064.15,13967.02,161.06,178.96,loss
2024-08-01 16:30:00,2024-08-01 17:30:00,161.81,160.19,13.17,12.55,2.47,10.41,55.620789815215375,-97.13,13967.02,13869.89,160.19,177.99,loss
2024-08-02 15:15:00,2024-08-02 19:00:00,154.36,152.82,10.51,6.26,12.96,12.98,58.30526043016325,-97.13,13869.89,13772.76,152.82,169.8,loss
2024-08-02 19:45:00,2024-08-03 08:30:00,151.3,149.79,19.88,15.89,2.46,21.97,59.48446794448116,-97.13,13772.76,13675.63,149.79,166.43,loss
2024-08-03 09:15:00,2024-08-03 12:30:00,149.17,152.73,16.02,13.63,83.59,94.35,60.333847288328755,207.42,13675.63,13883.05,147.68,164.09,win
2024-08-03 17:30:00,2024-08-03 17:45:00,143.9,142.46,16.59,10.47,4.83,8.64,62.54343293954135,-97.13,13883.05,13785.92,142.46,158.29,loss
2024-08-04 08:00:00,2024-08-04 11:00:00,140.2,143.55,15.78,14.18,81.05,81.62,64.19400855920115,207.68,13785.92,13993.6,138.8,154.22,win
2024-08-04 15:00:00,2024-08-04 15:45:00,136.74,135.37,8.11,4.15,1.88,6.73,65.81834137779728,-97.13,13993.6,13896.47,135.37,150.41,loss
2024-08-04 16:00:00,2024-08-04 16:45:00,136.05,134.69,14.6,8.47,3.72,6.44,66.1521499448732,-97.13,13896.47,13799.34,134.69,149.66,loss
2024-08-04 17:00:00,2024-08-04 19:45:00,132.89,142.0,12.06,8.48,91.51,94.39,67.72518624426218,609.28,13799.34,14408.63,131.56,146.18,win
2024-08-04 23:45:00,2024-08-05 00:00:00,138.33,136.95,15.58,11.54,2.42,7.7,65.06180871828236,-97.13,14408.63,14311.5,136.95,152.16,loss
2024-08-05 00:45:00,2024-08-05 01:00:00,131.41,130.1,10.82,7.67,31.34,10.82,68.48793851305076,-97.13,14311.5,14214.37,130.1,144.55,loss
2024-08-05 11:30:00,2024-08-05 12:45:00,113.12,111.99,19.19,15.97,10.78,31.26,79.56152758132956,-97.13,14214.37,14117.24,111.99,124.43,loss
2024-08-06 09:00:00,2024-08-06 15:00:00,137.43,144.76,14.23,13.05,84.31,88.56,65.48788474132286,472.44,14117.24,14589.69,136.06,151.17,win
2024-08-06 23:45:00,2024-08-07 01:00:00,144.4,142.96,18.14,10.25,6.47,15.57,62.32686980609418,-97.13,14589.69,14492.56,142.96,158.84,loss
2024-08-07 18:00:00,2024-08-07 18:30:00,145.82,144.36,15.75,15.6,6.96,13.54,61.71992867919353,-97.13,14492.56,14395.43,144.36,160.4,loss
2024-08-07 19:00:00,2024-08-08 02:30:00,144.08,154.45,13.67,9.69,92.55,97.65,62.46529705719045,640.05,14395.43,15035.48,142.64,158.49,win
2024-08-08 19:00:00,2024-08-09 00:00:00,156.9,162.22,9.34,9.2,81.88,85.25,57.36137667304015,297.72,15035.48,15333.19,155.33,172.59,win
2024-08-09 03:00:00,2024-08-09 04:15:00,159.28,157.69,19.2,15.02,2.32,11.41,56.50426921145153,-97.13,15333.19,15236.07,157.69,175.21,loss
2024-08-09 04:30:00,2024-08-09 04:45:00,157.67,156.09,11.7,8.23,0.17,6.08,57.08124563962707,-97.13,15236.07,15138.94,156.09,173.44,loss
2024-08-09 11:30:00,2024-08-09 13:30:00,156.16,154.6,19.22,15.1,13.9,14.74,57.63319672131148,-97.13,15138.94,15041.81,154.6,171.78,loss
2024-08-09 16:00:00,2024-08-11 08:15:00,151.91,156.52,17.89,15.45,80.0,80.13,59.24560595089198,265.7,15041.81,15307.51,150.39,167.1,win
2024-08-11 11:45:00,2024-08-11 12:00:00,153.66,152.12,12.68,7.23,2.65,6.2,58.57087075361187,-97.13,15307.51,15210.39,152.12,169.03,loss
2024-08-11 12:15:00,2024-08-11 13:00:00,152.14,150.62,8.72,6.26,9.38,7.68,59.156040489023276,-97.13,15210.39,15113.26,150.62,167.35,loss
2024-08-11 13:30:00,2024-08-11 15:00:00,150.47,148.97,10.8,9.25,8.29,14.91,59.81258722668971,-97.13,15113.26,15016.13,148.97,165.52,loss
2024-08-11 20:00:00,2024-08-11 21:00:00,145.3,143.85,16.82,10.41,7.91,11.45,61.94081211286992,-97.13,15016.13,14919.0,143.85,159.83,loss
2024-08-11 21:30:00,2024-08-11 22:15:00,144.2,142.76,19.19,9.42,7.86,8.2,62.41331484049931,-97.13,14919.0,14821.87,142.76,158.62,loss
2024-08-14 17:15:00,2024-08-14 22:00:00,144.76,143.31,16.91,14.78,28.02,31.43,62.17187068250898,-97.13,14821.87,14724.75,143.31,159.24,loss
2024-08-15 18:30:00,2024-08-15 22:30:00,139.48,143.84,12.82,11.61,84.87,85.81,64.52537998279324,273.91,14724.75,14998.65,138.09,153.43,win
2024-08-16 12:30:00,2024-08-16 15:15:00,139.46,138.07,11.5,9.82,5.33,11.14,64.53463358669153,-97.13,14998.65,14901.52,138.07,153.41,loss
2024-08-17 00:00:00,2024-08-18 10:00:00,138.54,143.41,9.6,6.65,81.3,88.37,64.963187527068,308.92,14901.52,15210.44,137.15,152.39,win
2024-08-18 23:00:00,2024-08-18 23:45:00,144.51,143.06,12.93,12.75,2.92,5.16,62.27942702927133,-97.13,15210.44,15113.31,143.06,158.96,loss
2024-08-19 01:15:00,2024-08-19 13:15:00,142.14,143.89,13.13,12.23,83.37,86.08,63.317855635289156,103.52,15113.31,15216.83,140.72,156.35,win
2024-08-19 20:00:00,2024-08-20 20:00:00,143.14,144.24,15.04,13.47,86.7,86.73,62.875506497135675,61.91,15216.83,15278.74,141.71,157.45,win
2024-08-23 10:00:00,2024-08-23 18:30:00,144.46,148.8,19.23,11.8,88.71,89.26,62.30098297106465,262.97,15278.74,15541.71,143.02,158.91,win
2024-08-24 22:00:00,2024-08-25 07:30:00,157.88,156.3,12.42,11.39,8.95,15.03,57.005320496579685,-97.13,15541.71,15444.58,156.3,173.67,loss
2024-08-27 08:45:00,2024-08-27 10:15:00,156.94,155.37,8.64,8.59,14.53,14.65,57.34675672231426,-97.13,15444.58,15347.45,155.37,172.63,loss
2024-08-27 10:30:00,2024-08-27 21:00:00,154.01,152.47,11.16,10.5,20.44,43.35,58.43776378157263,-97.13,15347.45,15250.32,152.47,169.41,loss
2024-08-27 22:30:00,2024-08-28 04:00:00,146.64,147.85,15.42,13.1,83.79,87.96,61.374795417348615,67.0,15250.32,15317.33,145.17,161.3,win
2024-08-29 17:15:00,2024-08-29 18:00:00,144.09,142.65,13.95,13.43,8.24,14.96,62.46096189881324,-97.13,15317.33,15220.2,142.65,158.5,loss
2024-08-29 19:00:00,2024-08-30 05:15:00,139.76,138.36,13.54,6.69,25.66,31.03,64.39610761305094,-97.13,15220.2,15123.07,138.36,153.74,loss
2024-08-30 15:00:00,2024-08-30 15:15:00,134.86,133.51,19.81,13.64,8.02,11.5,66.73587423995254,-97.13,15123.07,15025.94,133.51,148.35,loss
2024-08-30 15:45:00,2024-08-30 23:45:00,133.32,137.99,10.07,9.67,82.69,88.9,67.50675067506751,307.8,15025.94,15333.75,131.99,146.65,win
2024-09-01 02:30:00,2024-09-01 05:30:00,133.28,131.95,14.55,9.28,12.18,24.31,67.52701080432173,-97.13,15333.75,15236.62,131.95,146.61,loss
2024-09-01 11:00:00,2024-09-01 16:00:00,130.69,134.01,18.09,16.34,82.34,84.9,68.86525365368429,221.25,15236.62,15457.87,129.38,143.76,win
2024-09-01 22:30:00,2024-09-01 22:45:00,131.51,130.19,18.74,18.2,13.62,14.67,68.43586039084481,-97.13,15457.87,15360.74,130.19,144.66,loss
2024-09-01 23:30:00,2024-09-02 07:30:00,128.8,127.51,13.43,13.04,9.29,36.5,69.87577639751552,-97.13,15360.74,15263.61,127.51,141.68,loss
2024-09-03 06:15:00,2024-09-03 13:30:00,134.32,132.98,14.86,13.82,11.44,45.29,67.00416914830257,-97.13,15263.61,15166.49,132.98,147.75,loss
2024-09-03 14:15:00,2024-09-03 15:15:00,131.03,129.72,13.2,12.6,4.52,8.98,68.6865603296955,-97.13,15166.49,15069.36,129.72,144.13,loss
2024-09-03 15:45:00,2024-09-03 23:30:00,129.8,128.5,7.92,7.09,8.78,8.15,69.33744221879815,-97.13,15069.36,14972.23,128.5,142.78,loss
2024-09-04 11:30:00,2024-09-04 16:30:00,128.76,133.77,15.95,14.63,82.96,85.72,69.89748369058714,342.71,14972.23,15314.94,127.47,141.64,win
2024-09-05 03:30:00,2024-09-05 16:15:00,131.89,130.57,19.68,18.15,6.73,8.5,68.2386837516112,-97.13,15314.94,15217.81,130.57,145.08,loss
2024-09-05 16:30:00,2024-09-05 19:15:00,130.75,129.44,16.44,10.5,15.94,29.13,68.83365200764818,-97.13,15217.81,15120.68,129.44,143.83,loss
2024-09-06 15:15:00,2024-09-06 16:45:00,127.88,126.6,13.73,10.01,12.06,12.5,70.3784798248358,-97.13,15120.68,15023.55,126.6,140.67,loss
2024-09-08 15:30:00,2024-09-09 17:00:00,127.21,133.11,10.53,4.53,89.26,90.3,70.74915494064932,409.89,15023.55,15433.44,125.94,139.93,win
2024-09-10 00:45:00,2024-09-11 04:30:00,134.04,132.7,16.44,14.34,5.48,10.76,67.14413607878245,-97.13,15433.44,15336.31,132.7,147.44,loss
2024-09-11 04:45:00,2024-09-11 10:15:00,132.26,130.94,16.93,10.79,23.21,26.79,68.04778466656586,-97.13,15336.31,15239.18,130.94,145.49,loss
2024-09-12 16:15:00,2024-09-12 20:30:00,133.97,135.98,16.37,13.54,87.57,88.37,67.17921922818542,127.72,15239.18,15366.91,132.63,147.37,win
2024-09-13 02:15:00,2024-09-13 11:30:00,134.66,133.31,12.71,11.61,6.04,38.79,66.83499183127878,-97.13,15366.91,15269.78,133.31,148.13,loss
2024-09-13 12:30:00,2024-09-13 16:00:00,132.07,136.61,13.7,9.13,89.28,91.62,68.14568032104188,301.93,15269.78,15571.71,130.75,145.28,win
2024-09-14 06:45:00,2024-09-14 18:00:00,137.94,136.56,19.48,12.09,24.61,16.18,65.24575902566333,-97.13,15571.71,15474.58,136.56,151.73,loss
2024-09-15 09:15:00,2024-09-15 12:00:00,136.74,135.37,16.09,13.33,4.55,15.04,65.81834137779728,-97.13,15474.58,15377.46,135.37,150.41,loss
2024-09-15 17:15:00,2024-09-15 22:00:00,133.35,132.02,13.73,13.48,21.25,13.03,67.49156355455568,-97.13,15377.46,15280.33,132.02,146.68,loss
2024-09-18 00:30:00,2024-09-18 09:45:00,130.71,129.4,19.6,11.9,2.49,12.31,68.85471654808354,-97.13,15280.33,15183.2,129.4,143.78,loss
2024-09-18 15:45:00,2024-09-19 00:00:00,127.67,134.99,18.29,10.55,94.79,96.99,70.49424297015743,508.41,15183.2,15691.6,126.39,140.44,win
2024-09-20 13:45:00,2024-09-20 18:00:00,147.23,145.76,13.19,11.54,9.96,20.69,61.12884602322897,-97.13,15691.6,15594.48,145.76,161.95,loss
2024-09-22 02:30:00,2024-09-22 09:15:00,147.58,146.1,16.43,13.5,10.8,33.19,60.98387315354383,-97.13,15594.48,15497.35,146.1,162.34,loss
2024-09-22 10:00:00,2024-09-22 13:30:00,145.39,143.94,15.18,11.35,12.68,20.75,61.902469220716696,-97.13,15497.35,15400.22,143.94,159.93,loss
2024-09-22 14:30:00,2024-09-23 01:30:00,143.08,146.78,17.65,17.04,88.71,89.45,62.90187307799832,225.35,15400.22,15625.57,141.65,157.39,win
2024-09-23 08:15:00,2024-09-23 12:30:00,144.41,142.97,16.19,12.66,2.61,20.19,62.32255383976179,-97.13,15625.57,15528.44,142.97,158.85,loss
2024-09-24 11:45:00,2024-09-24 14:15:00,146.46,145.0,18.15,15.09,4.24,45.46,61.45022531749283,-97.13,15528.44,15431.32,145.0,161.11,loss
2024-09-25 03:15:00,2024-09-25 06:15:00,151.57,150.05,18.62,11.5,4.26,10.92,59.37850498119681,-97.13,15431.32,15334.19,150.05,166.73,loss
2024-09-25 06:30:00,2024-09-25 23:00:00,150.07,148.57,18.92,13.11,2.55,13.77,59.97201306057173,-97.13,15334.19,15237.06,148.57,165.08,loss
2024-09-25 23:45:00,2024-09-26 05:45:00,147.98,150.02,19.44,12.24,84.74,87.16,60.81902959859441,116.77,15237.06,15353.83,146.5,162.78,win
2024-09-26 20:30:00,2024-09-27 05:00:00,155.11,156.8,16.92,11.41,86.35,89.87,58.02333827606214,90.78,15353.83,15444.61,153.56,170.62,win
2024-09-27 11:00:00,2024-09-27 14:45:00,156.36,159.92,16.57,9.55,81.63,85.05,57.55947812739831,197.55,15444.61,15642.16,154.8,172.0,win
2024-09-27 18:30:00,2024-09-28 02:00:00,157.63,158.4,13.83,12.9,86.09,91.7,57.095730508152,36.73,15642.16,15678.89,156.05,173.39,win
2024-09-28 08:30:00,2024-09-28 11:00:00,155.85,157.14,14.6,12.17,82.95,87.57,57.7478344562079,67.24,15678.89,15746.12,154.29,171.44,win
2024-09-29 06:30:00,2024-09-29 12:00:00,155.85,156.94,11.99,8.97,83.89,91.47,57.7478344562079,55.69,15746.12,15801.82,154.29,171.44,win
2024-09-29 23:45:00,2024-09-30 02:45:00,158.46,156.88,14.65,11.45,0.79,13.7,56.79666792881484,-97.13,15801.82,15704.69,156.88,174.31,loss
2024-09-30 04:45:00,2024-09-30 09:45:00,156.0,154.44,17.51,14.59,0.6,14.19,57.69230769230769,-97.13,15704.69,15607.56,154.44,171.6,loss
2024-09-30 10:45:00,2024-09-30 13:45:00,154.34,156.78,14.96,10.49,84.12,88.98,58.312815861085916,134.97,15607.56,15742.53,152.8,169.77,win
2024-09-30 23:45:00,2024-10-01 05:00:00,152.49,155.35,14.59,12.78,81.31,85.59,59.02026362384418,161.46,15742.53,15903.99,150.97,167.74,win
2024-10-01 15:00:00,2024-10-01 17:00:00,148.28,146.8,19.89,15.0,1.1,17.21,60.695980577286214,-97.13,15903.99,15806.87,146.8,163.11,loss
2024-10-02 19:00:00,2024-10-02 19:15:00,141.03,139.62,12.26,12.11,5.31,12.87,63.81620931716656,-97.13,15806.87,15709.74,139.62,155.13,loss
2024-10-02 19:45:00,2024-10-03 02:15:00,139.98,141.88,15.38,9.3,85.79,88.82,64.29489927132448,114.86,15709.74,15824.6,138.58,153.98,win
2024-10-03 08:30:00,2024-10-03 12:00:00,137.34,135.97,13.37,5.83,16.92,38.45,65.5307994757536,-97.13,15824.6,15727.47,135.97,151.07,loss
2024-10-04 23:00:00,2024-10-05 07:00:00,142.84,144.06,11.86,11.48,84.75,89.15,63.00756090730888,69.61,15727.47,15797.08,141.41,157.12,win
2024-10-05 14:15:00,2024-10-05 20:45:00,142.83,141.4,10.19,9.24,3.78,11.77,63.011972274732194,-97.13,15797.08,15699.95,141.4,157.11,loss
2024-10-12 03:00:00,2024-10-12 06:45:00,145.18,145.76,17.44,17.32,82.68,87.22,61.992009918721585,28.73,15699.95,15728.68,143.73,159.7,win
2024-10-13 15:30:00,2024-10-13 22:00:00,144.91,148.4,12.57,6.96,87.6,92.08,62.10751500931613,209.38,15728.68,15938.06,143.46,159.4,win
2024-10-15 06:00:00,2024-10-15 11:45:00,154.24,152.7,12.8,9.2,16.49,30.91,58.350622406639,-97.13,15938.06,15840.93,152.7,169.66,loss
2024-10-15 21:00:00,2024-10-16 09:30:00,152.77,155.43,17.5,17.03,83.74,87.93,58.91209007003992,149.38,15840.93,15990.31,151.24,168.05,win
2024-10-16 13:45:00,2024-10-17 05:45:00,154.43,152.89,15.68,12.67,10.6,12.71,58.27883183319303,-97.13,15990.31,15893.19,152.89,169.87,loss
2024-10-17 18:30:00,2024-10-18 02:00:00,148.7,152.21,19.05,9.96,82.04,85.82,60.52454606590451,205.07,15893.19,16098.26,147.21,163.57,win
2024-10-18 22:15:00,2024-10-19 15:00:00,154.11,157.25,12.27,10.3,93.83,96.75,58.399844267081946,176.03,16098.26,16274.29,152.57,169.52,win
2024-10-20 03:30:00,2024-10-20 21:30:00,158.54,162.91,16.13,10.65,83.42,87.35,56.76800807367226,240.68,16274.29,16514.96,156.95,174.39,win
2024-10-21 11:45:00,2024-10-21 13:30:00,166.42,164.76,19.94,19.27,10.06,13.8,54.08003845691624,-97.13,16514.96,16417.84,164.76,183.06,loss
2024-10-23 01:00:00,2024-10-23 05:30:00,166.48,164.82,17.01,8.0,7.52,30.72,54.06054781355118,-97.13,16417.84,16320.71,164.82,183.13,loss
2024-10-23 17:00:00,2024-10-23 20:15:00,166.18,172.73,19.32,17.4,88.63,90.17,54.15814177398002,347.25,16320.71,16667.96,164.52,182.8,win
2024-10-25 00:45:00,2024-10-25 03:30:00,176.69,174.92,16.35,16.06,5.78,24.11,50.93666874186428,-97.13,16667.96,16570.83,174.92,194.36,loss
2024-10-25 04:30:00,2024-10-25 08:00:00,173.51,171.77,17.19,8.11,5.6,12.26,51.870209209843814,-97.13,16570.83,16473.7,171.77,190.86,loss
2024-10-25 17:45:00,2024-10-25 22:15:00,167.94,166.26,9.55,9.37,3.89,31.0,53.59056806002144,-97.13,16473.7,16376.58,166.26,184.73,loss
2024-10-27 00:15:00,2024-10-27 14:45:00,170.8,176.44,18.06,8.42,80.63,85.96,52.693208430913344,289.75,16376.58,16666.33,169.09,187.88,win
2024-10-28 00:45:00,2024-10-28 04:15:00,176.06,174.3,10.16,9.97,5.0,38.67,51.1189367261161,-97.13,16666.33,16569.2,174.3,193.67,loss
2024-10-29 07:15:00,2024-10-29 16:45:00,179.94,182.47,13.41,8.28,81.84,87.08,50.01667222407469,119.24,16569.2,16688.44,178.14,197.93,win
2024-10-29 20:15:00,2024-10-30 12:30:00,177.05,175.28,9.18,6.85,9.26,19.58,50.833097994916685,-97.13,16688.44,16591.31,175.28,194.76,loss
2024-10-31 13:45:00,2024-10-31 16:00:00,171.9,170.18,11.33,7.76,15.43,26.39,52.35602094240838,-97.13,16591.31,16494.18,170.18,189.09,loss
2024-11-02 05:00:00,2024-11-02 13:45:00,165.99,164.33,11.19,8.38,4.51,19.89,54.220133742996566,-97.13,16494.18,16397.06,164.33,182.59,loss
2024-11-03 02:00:00,2024-11-03 02:30:00,163.85,162.21,10.97,9.0,14.91,6.27,54.92828806835521,-97.13,16397.06,16299.93,162.21,180.24,loss
2024-11-03 14:45:00,2024-11-03 21:30:00,159.31,163.29,11.08,9.12,90.64,90.93,56.49362877408826,217.46,16299.93,16517.39,157.72,175.24,win
2024-11-04 06:00:00,2024-11-04 11:15:00,161.93,164.03,15.72,7.12,84.26,90.77,55.57957141974927,109.42,16517.39,16626.82,160.31,178.12,win
2024-11-04 21:15:00,2024-11-04 21:45:00,157.34,155.77,19.07,12.33,3.56,6.87,57.20096606076014,-97.13,16626.82,16529.69,155.77,173.07,loss
2024-11-07 05:30:00,2024-11-07 06:30:00,188.49,186.61,18.97,17.91,2.59,11.65,47.747891134808214,-97.13,16529.69,16432.56,186.61,207.34,loss
2024-11-08 17:15:00,2024-11-09 00:45:00,197.23,199.65,11.6,9.46,84.44,87.77,45.63200324494245,103.14,16432.56,16535.7,195.26,216.95,win
2024-11-09 13:00:00,2024-11-09 14:30:00,200.45,198.45,15.49,8.78,0.35,9.61,44.89897730107259,-97.13,16535.7,16438.57,198.45,220.5,loss
2024-11-09 14:45:00,2024-11-09 17:00:00,198.21,196.23,14.71,7.55,7.39,8.2,45.406387165127896,-97.13,16438.57,16341.45,196.23,218.03,loss
2024-11-10 21:00:00,2024-11-11 09:30:00,202.46,210.3,17.57,6.39,86.58,90.86,44.45322532845994,341.03,16341.45,16682.48,200.44,222.71,win
2024-11-12 12:45:00,2024-11-12 19:30:00,208.93,213.96,12.63,11.7,84.1,90.4,43.076628535873255,209.3,16682.48,16891.78,206.84,229.82,win
2024-11-13 04:30:00,2024-11-13 15:15:00,202.92,215.55,14.35,8.04,84.58,85.69,44.352454169130695,552.52,16891.78,17444.31,200.89,223.21,win
2024-11-15 15:45:00,2024-11-15 21:15:00,208.32,218.4,18.68,16.76,95.34,95.6,43.20276497695853,427.94,17444.31,17872.24,206.24,229.15,win
2024-11-16 15:30:00,2024-11-17 01:15:00,214.99,218.7,12.58,12.07,85.43,87.19,41.862412205218845,147.99,17872.24,18020.23,212.84,236.49,win
2024-11-17 13:45:00,2024-11-18 04:15:00,231.47,243.32,16.76,15.36,82.68,86.88,38.88192854365577,453.18,18020.23,18473.41,229.16,254.62,win
2024-11-19 14:15:00,2024-11-19 20:15:00,239.78,237.38,14.7,12.97,0.98,66.72,37.53440653932772,-97.13,18473.41,18376.28,237.38,263.76,loss
2024-11-19 21:15:00,2024-11-19 22:15:00,236.84,234.47,14.82,9.64,3.43,6.74,38.00033778078027,-97.13,18376.28,18279.15,234.47,260.52,loss
2024-11-19 22:30:00,2024-11-19 23:30:00,234.25,231.91,15.81,6.93,4.25,8.29,38.4204909284952,-97.13,18279.15,18182.02,231.91,257.68,loss
2024-11-21 18:15:00,2024-11-21 23:30:00,254.25,262.43,19.68,13.29,83.69,84.68,35.39823008849557,282.13,18182.02,18464.15,251.71,279.68,win
2024-11-23 08:15:00,2024-11-23 10:15:00,256.42,259.99,16.94,14.08,88.58,90.51,35.09866625068247,118.0,18464.15,18582.15,253.86,282.06,win
2024-11-23 15:15:00,2024-11-23 16:30:00,256.16,253.6,17.58,17.53,1.89,3.22,35.13429106808245,-97.13,18582.15,18485.02,253.6,281.78,loss
2024-11-24 02:30:00,2024-11-24 07:00:00,255.12,252.57,19.41,13.41,41.46,27.25,35.277516462841014,-97.13,18485.02,18387.9,252.57,280.63,loss
2024-11-25 08:30:00,2024-11-25 09:30:00,251.81,249.29,14.51,12.59,20.04,12.98,35.74123346967952,-97.13,18387.9,18290.77,249.29,276.99,loss
2024-11-26 07:45:00,2024-11-26 17:45:00,223.59,230.35,12.09,9.22,82.35,82.61,40.25224741714746,264.69,18290.77,18555.46,221.35,245.95,win
2024-11-28 02:30:00,2024-11-28 06:15:00,237.63,235.25,14.76,8.77,16.41,27.31,37.87400580734756,-97.13,18555.46,18458.33,235.25,261.39,loss
2024-11-29 14:15:00,2024-11-29 18:45:00,240.67,244.29,10.57,4.83,80.65,92.26,37.395603939003614,128.06,18458.33,18586.39,238.26,264.74,win
2024-11-29 21:15:00,2024-11-30 00:45:00,240.21,242.6,19.08,14.6,84.67,85.26,37.467216185837394,82.28,18586.39,18668.67,237.81,264.23,win
2024-12-02 00:30:00,2024-12-02 04:45:00,228.37,226.09,17.39,6.47,9.66,36.93,39.40972982440776,-97.13,18668.67,18571.54,226.09,251.21,loss
2024-12-03 06:00:00,2024-12-03 10:00:00,224.91,222.66,15.46,14.22,24.35,28.08,40.016006402561025,-97.13,18571.54,18474.41,222.66,247.4,loss
2024-12-04 21:30:00,2024-12-05 08:30:00,224.67,243.83,19.57,12.69,90.72,94.31,40.05875283749499,759.71,18474.41,19234.12,222.42,247.14,win
2024-12-05 16:00:00,2024-12-05 16:30:00,233.07,230.74,8.37,6.99,4.67,6.9,38.615008366585144,-97.13,19234.12,19136.99,230.74,256.38,loss
2024-12-06 03:30:00,2024-12-06 05:30:00,238.55,236.16,16.73,10.49,7.45,25.96,37.72793963529658,-97.13,19136.99,19039.87,236.16,262.41,loss
2024-12-06 06:30:00,2024-12-06 09:00:00,235.08,232.73,16.07,12.2,5.4,7.77,38.28483920367534,-97.13,19039.87,18942.74,232.73,258.59,loss
2024-12-07 19:15:00,2024-12-07 23:15:00,239.16,240.86,14.75,13.1,83.38,90.58,37.63171098845961,56.72,18942.74,18999.46,236.77,263.08,win
2024-12-08 01:45:00,2024-12-08 05:00:00,237.5,235.12,8.45,7.69,0.5,11.43,37.89473684210526,-97.13,18999.46,18902.33,235.12,261.25,loss
2024-12-08 06:00:00,2024-12-08 10:00:00,233.9,237.33,11.97,11.07,91.8,91.85,38.47798204360838,124.67,18902.33,19027.01,231.56,257.29,win
2024-12-08 23:00:00,2024-12-09 03:15:00,231.94,229.62,13.93,8.03,20.04,28.69,38.8031387427783,-97.13,19027.01,18929.88,229.62,255.13,loss
2024-12-09 05:45:00,2024-12-09 10:00:00,226.85,229.06,19.15,15.88,84.41,87.23,39.673793255455145,80.41,18929.88,19010.29,224.58,249.54,win
2024-12-09 14:15:00,2024-12-09 16:00:00,224.37,222.13,16.69,14.32,5.62,16.35,40.11231448054553,-97.13,19010.29,18913.16,222.13,246.81,loss
2024-12-09 16:30:00,2024-12-09 17:00:00,221.72,219.5,16.24,15.33,13.98,12.84,40.59173732635757,-97.13,18913.16,18816.03,219.5,243.89,loss
2024-12-09 23:30:00,2024-12-10 12:00:00,209.57,207.47,18.51,16.72,2.27,34.24,42.945078016891735,-97.13,18816.03,18718.9,207.47,230.53,loss
2024-12-11 20:00:00,2024-12-11 23:45:00,227.29,230.81,13.4,10.43,81.59,84.86,39.59699062871222,132.07,18718.9,18850.97,225.02,250.02,win
2024-12-12 18:30:00,2024-12-13 03:00:00,226.59,224.32,14.04,13.18,2.28,19.87,39.71931682775056,-97.13,18850.97,18753.85,224.32,249.25,loss
2024-12-13 10:00:00,2024-12-13 12:00:00,223.48,221.25,19.19,19.1,7.15,41.61,40.27206013960981,-97.13,18753.85,18656.72,221.25,245.83,loss
2024-12-14 09:00:00,2024-12-14 13:30:00,222.38,220.16,7.16,6.39,2.27,23.48,40.47126540156489,-97.13,18656.72,18559.59,220.16,244.62,loss
2024-12-14 14:45:00,2024-12-14 16:45:00,218.43,216.25,12.98,6.39,0.64,12.55,41.203131437989285,-97.13,18559.59,18462.46,216.25,240.27,loss
2024-12-15 03:15:00,2024-12-15 12:30:00,218.01,221.65,11.09,6.79,83.86,85.51,41.282509976606576,142.95,18462.46,18605.41,215.83,239.81,win
2024-12-15 17:45:00,2024-12-15 20:15:00,217.87,223.76,19.96,10.73,81.25,85.61,41.30903749942626,235.92,18605.41,18841.33,215.69,239.66,win
2024-12-16 00:15:00,2024-12-16 05:15:00,221.56,219.34,15.61,10.07,2.73,8.99,40.62105073117891,-97.13,18841.33,18744.2,219.34,243.72,loss
2024-12-16 05:30:00,2024-12-16 07:15:00,219.33,217.14,10.24,4.23,1.74,4.85,41.03405826836274,-97.13,18744.2,18647.07,217.14,241.26,loss
2024-12-16 08:00:00,2024-12-16 21:00:00,214.1,211.96,5.99,3.61,0.14,13.2,42.03643157403083,-97.13,18647.07,18549.94,211.96,235.51,loss
2024-12-17 19:30:00,2024-12-17 22:00:00,222.94,220.71,18.3,12.1,4.29,21.82,40.36960617206423,-97.13,18549.94,18452.81,220.71,245.23,loss
2024-12-17 22:15:00,2024-12-18 00:30:00,219.32,217.13,17.44,15.39,11.26,7.33,41.03592923581981,-97.13,18452.81,18355.69,217.13,241.25,loss
2024-12-18 22:15:00,2024-12-19 00:45:00,201.93,208.37,18.71,17.52,90.25,93.13,44.56990046055564,279.6,18355.69,18635.29,199.91,222.12,win
2024-12-20 03:00:00,2024-12-20 04:30:00,189.76,187.86,15.32,5.9,10.13,33.63,47.4283305227656,-97.13,18635.29,18538.16,187.86,208.74,loss
2024-12-20 05:15:00,2024-12-20 06:15:00,180.82,179.01,14.34,12.13,2.31,21.92,49.77325517088818,-97.13,18538.16,18441.03,179.01,198.9,loss
2024-12-21 06:00:00,2024-12-21 07:30:00,195.1,193.15,9.95,4.73,2.8,6.79,46.13018964633521,-97.13,18441.03,18343.9,193.15,214.61,loss
2024-12-21 07:45:00,2024-12-21 08:30:00,193.25,191.32,15.51,5.86,0.27,7.97,46.57179818887452,-97.13,18343.9,18246.77,191.32,212.58,loss
2024-12-21 09:15:00,2024-12-21 09:30:00,187.57,185.69,9.89,5.24,4.44,4.29,47.98208668763662,-97.13,18246.77,18149.65,185.69,206.33,loss
2024-12-22 16:15:00,2024-12-23 00:15:00,177.36,186.91,6.69,6.67,95.69,96.24,50.744248985115014,477.02,18149.65,18626.67,175.59,195.1,win
2024-12-23 22:30:00,2024-12-24 01:45:00,187.22,191.52,16.42,10.32,93.74,94.94,48.071787202221984,199.34,18626.67,18826.01,185.35,205.94,win
2024-12-25 08:30:00,2024-12-25 16:15:00,195.95,199.37,17.15,15.49,84.25,88.68,45.93008420515438,149.76,18826.01,18975.76,193.99,215.54,win
2024-12-26 02:15:00,2024-12-26 04:15:00,194.87,192.92,19.22,17.5,0.42,12.84,46.18463591112023,-97.13,18975.76,18878.64,192.92,214.36,loss
2024-12-26 04:45:00,2024-12-26 17:15:00,189.29,187.4,10.94,6.58,11.78,25.03,47.54609329600085,-97.13,18878.64,18781.51,187.4,208.22,loss
2024-12-27 12:00:00,2024-12-27 15:45:00,184.13,186.96,10.22,9.83,91.94,92.45,48.87850974854722,131.02,18781.51,18912.52,182.29,202.54,win
2024-12-28 22:15:00,2024-12-29 18:00:00,192.97,191.04,14.95,10.82,15.43,35.7,46.63937399595792,-97.13,18912.52,18815.4,191.04,212.27,loss
2024-12-29 19:30:00,2024-12-30 11:15:00,189.51,187.61,19.79,16.29,1.45,14.12,47.490897577964226,-97.13,18815.4,18718.27,187.61,208.46,loss
2024-12-31 16:15:00,2024-12-31 18:30:00,194.2,192.26,16.2,11.13,13.19,13.27,46.34397528321318,-97.13,18718.27,18621.14,192.26,213.62,loss
2024-12-31 18:45:00,2024-12-31 19:45:00,192.06,190.14,16.84,15.58,5.87,12.1,46.860356138706656,-97.13,18621.14,18524.01,190.14,211.27,loss
2025-01-01 05:45:00,2025-01-01 08:00:00,188.49,191.36,17.88,17.27,87.05,88.33,47.747891134808214,129.73,18524.01,18653.74,186.61,207.34,win
2025-01-04 12:00:00,2025-01-04 17:00:00,214.32,216.43,18.93,12.62,83.0,85.34,41.993281075027994,81.33,18653.74,18735.07,212.18,235.75,win
2025-01-05 04:45:00,2025-01-05 06:00:00,215.36,213.21,18.01,15.73,6.8,9.81,41.79049034175334,-97.13,18735.07,18637.95,213.21,236.9,loss
2025-01-05 06:15:00,2025-01-05 19:00:00,213.6,214.22,16.75,10.4,85.93,91.37,42.13483146067416,18.9,18637.95,18656.85,211.46,234.96,win
2025-01-07 01:30:00,2025-01-07 07:45:00,215.99,213.83,11.82,11.1,8.87,25.74,41.668595768322604,-97.13,18656.85,18559.72,213.83,237.59,loss
2025-01-07 08:45:00,2025-01-07 11:15:00,213.24,211.11,12.53,12.03,2.69,19.3,42.20596510973551,-97.13,18559.72,18462.59,211.11,234.56,loss
2025-01-07 14:15:00,2025-01-07 16:00:00,206.77,204.7,16.36,15.38,18.67,19.83,43.52662378488175,-97.13,18462.59,18365.46,204.7,227.45,loss
2025-01-08 02:45:00,2025-01-08 05:45:00,195.1,197.07,11.44,8.83,82.39,90.07,46.13018964633521,83.6,18365.46,18449.07,193.15,214.61,win
2025-01-09 00:30:00,2025-01-09 03:30:00,194.48,192.54,15.5,4.81,0.41,9.9,46.277252159605105,-97.13,18449.07,18351.94,192.54,213.93,loss
2025-01-09 04:00:00,2025-01-09 09:45:00,190.11,188.21,6.04,4.39,3.37,11.37,47.34101309768029,-97.13,18351.94,18254.81,188.21,209.12,loss
2025-01-09 16:45:00,2025-01-09 22:45:00,184.01,188.47,19.67,7.88,81.53,89.35,48.91038530514646,210.77,18254.81,18465.58,182.17,202.41,win
2025-01-11 20:45:00,2025-01-12 03:00:00,187.81,185.93,11.83,11.11,0.48,8.22,47.92077099195996,-97.13,18465.58,18368.45,185.93,206.59,loss
2025-01-12 03:15:00,2025-01-12 08:30:00,185.83,187.09,11.27,8.17,82.4,87.67,48.43136199752462,53.77,18368.45,18422.23,183.97,204.41,win
2025-01-12 23:00:00,2025-01-13 02:00:00,185.75,183.89,18.75,9.54,14.69,10.57,48.45222072678331,-97.13,18422.23,18325.1,183.89,204.32,loss
2025-01-14 08:45:00,2025-01-14 19:15:00,186.56,188.22,19.04,18.95,80.27,86.99,48.2418524871355,72.82,18325.1,18397.91,184.69,205.22,win
2025-01-15 06:15:00,2025-01-15 12:00:00,187.09,196.52,15.01,13.51,87.46,92.46,48.10519001550056,446.07,18397.91,18843.98,185.22,205.8,win
2025-01-19 11:30:00,2025-01-19 13:15:00,268.48,265.8,17.27,13.24,6.36,17.23,33.522050059594754,-97.13,18843.98,18746.86,265.8,295.33,loss
2025-01-20 08:30:00,2025-01-20 12:15:00,254.13,251.59,18.05,16.5,14.5,50.39,35.414945106835084,-97.13,18746.86,18649.73,251.59,279.54,loss
2025-01-20 21:45:00,2025-01-21 02:00:00,235.41,233.06,17.52,12.62,7.7,45.31,38.231171148209505,-97.13,18649.73,18552.6,233.06,258.95,loss
2025-01-22 20:15:00,2025-01-22 21:45:00,257.74,255.16,12.81,10.1,4.87,11.27,34.918910529991464,-97.13,18552.6,18455.47,255.16,283.51,loss
2025-01-22 22:45:00,2025-01-23 00:30:00,249.15,246.66,19.66,8.0,3.93,23.16,36.12281757977122,-97.13,18455.47,18358.34,246.66,274.07,loss
2025-01-23 23:15:00,2025-01-24 01:45:00,249.02,259.22,16.96,16.06,88.92,92.55,36.141675367440364,361.15,18358.34,18719.49,246.53,273.92,win
2025-01-24 17:30:00,2025-01-24 19:00:00,257.43,254.86,12.01,7.67,3.08,8.64,34.96096026104183,-97.13,18719.49,18622.37,254.86,283.17,loss
2025-01-24 19:15:00,2025-01-24 20:30:00,253.84,251.3,7.59,7.08,5.43,4.74,35.455404979514654,-97.13,18622.37,18525.24,251.3,279.22,loss
2025-01-24 21:15:00,2025-01-25 02:30:00,250.35,247.85,17.0,4.64,16.12,22.01,35.9496704613541,-97.13,18525.24,18428.11,247.85,275.38,loss
2025-01-25 03:00:00,2025-01-25 14:15:00,247.26,258.0,11.83,11.8,85.63,87.46,36.39893229798593,383.41,18428.11,18811.52,244.79,271.99,win
2025-01-25 22:30:00,2025-01-26 00:45:00,254.77,259.25,19.29,17.69,86.17,86.71,35.32598029595321,150.93,18811.52,18962.46,252.22,280.25,win
2025-01-26 05:30:00,2025-01-26 17:15:00,255.43,252.88,8.47,7.09,0.49,15.48,35.234702266765844,-97.13,18962.46,18865.33,252.88,280.97,loss
2025-01-26 18:15:00,2025-01-26 19:15:00,248.62,246.13,6.47,6.03,2.21,10.25,36.19982302308744,-97.13,18865.33,18768.2,246.13,273.48,loss
2025-01-26 19:30:00,2025-01-26 20:00:00,243.69,241.25,11.55,11.27,1.1,5.57,36.9321679182568,-97.13,18768.2,18671.07,241.25,268.06,loss
2025-01-26 22:00:00,2025-01-27 00:30:00,235.82,233.46,5.34,5.09,4.27,24.23,38.164701891273005,-97.13,18671.07,18573.94,233.46,259.4,loss
2025-01-27 01:30:00,2025-01-27 02:45:00,231.47,229.16,17.9,9.32,5.62,16.19,38.88192854365577,-97.13,18573.94,18476.82,229.16,254.62,loss
2025-01-27 03:15:00,2025-01-27 03:30:00,227.66,225.38,17.09,11.52,4.6,8.2,39.53263638759554,-97.13,18476.82,18379.69,225.38,250.43,loss
2025-01-27 15:00:00,2025-01-27 17:30:00,224.82,235.49,7.0,6.81,82.76,90.41,40.0320256204964,419.6,18379.69,18799.29,222.57,247.3,win
2025-01-28 17:15:00,2025-01-28 18:00:00,229.05,226.76,18.05,12.71,3.24,11.19,39.29273084479371,-97.13,18799.29,18702.16,226.76,251.96,loss
2025-01-28 18:45:00,2025-01-28 22:15:00,226.22,231.09,14.96,11.08,86.79,89.26,39.784280788612854,186.39,18702.16,18888.55,223.96,248.84,win
2025-01-29 09:15:00,2025-01-29 15:30:00,227.87,225.59,14.99,12.4,3.38,50.61,39.4962039759512,-97.13,18888.55,18791.43,225.59,250.66,loss
2025-01-31 05:30:00,2025-01-31 08:30:00,234.8,239.78,14.45,8.27,91.04,94.73,38.3304940374787,183.53,18791.43,18974.96,232.45,258.28,win
2025-01-31 14:45:00,2025-01-31 17:30:00,231.46,229.15,5.28,5.2,2.25,8.45,38.883608398859415,-97.13,18974.96,18877.83,229.15,254.61,loss
2025-01-31 17:45:00,2025-02-01 06:00:00,229.34,227.05,14.91,9.79,1.69,7.45,39.2430452603122,-97.13,18877.83,18780.7,227.05,252.27,loss
2025-02-01 07:15:00,2025-02-01 13:00:00,227.18,224.91,19.18,16.29,2.97,23.03,39.61616339466502,-97.13,18780.7,18683.58,224.91,249.9,loss
2025-02-01 16:00:00,2025-02-01 16:15:00,221.75,219.53,13.09,5.36,0.12,5.2,40.58624577226607,-97.13,18683.58,18586.45,219.53,243.92,loss
2025-02-01 19:45:00,2025-02-01 23:15:00,214.65,212.5,18.46,13.83,14.34,40.3,41.92872117400419,-97.13,18586.45,18489.32,212.5,236.12,loss
2025-02-02 08:00:00,2025-02-02 13:30:00,208.68,206.59,12.0,10.01,12.51,11.19,43.12823461759632,-97.13,18489.32,18392.19,206.59,229.55,loss
2025-02-02 15:15:00,2025-02-02 20:45:00,197.19,195.22,8.14,7.73,7.66,56.56,45.64125969876768,-97.13,18392.19,18295.06,195.22,216.91,loss
2025-02-04 01:45:00,2025-02-04 07:45:00,203.21,209.72,6.05,4.23,87.1,89.79,44.2891589980808,280.89,18295.06,18575.95,201.18,223.53,win
2025-02-04 17:15:00,2025-02-04 17:45:00,205.99,203.93,15.98,14.31,5.03,11.8,43.6914413321035,-97.13,18575.95,18478.83,203.93,226.59,loss
2025-02-04 18:30:00,2025-02-05 12:15:00,203.63,201.59,7.01,6.82,5.28,29.12,44.19780975298335,-97.13,18478.83,18381.7,201.59,223.99,loss
2025-02-05 12:45:00,2025-02-05 13:45:00,199.57,197.57,17.77,13.4,5.07,17.09,45.09695846069049,-97.13,18381.7,18284.57,197.57,219.53,loss
2025-02-05 14:30:00,2025-02-05 23:00:00,197.54,200.31,9.34,6.71,85.03,91.15,45.56039283183153,118.9,18284.57,18403.47,195.56,217.29,win
2025-02-06 09:15:00,2025-02-06 10:45:00,198.58,196.59,15.79,15.66,13.03,24.5,45.32178467116527,-97.13,18403.47,18306.34,196.59,218.44,loss
2025-02-06 11:15:00,2025-02-06 11:45:00,195.78,193.82,17.92,14.45,6.67,8.44,45.96996628869139,-97.13,18306.34,18209.22,193.82,215.36,loss
2025-02-06 12:15:00,2025-02-06 12:30:00,192.52,190.59,19.74,10.67,1.25,7.34,46.74838977768543,-97.13,18209.22,18112.09,190.59,211.77,loss
2025-02-06 13:00:00,2025-02-06 23:15:00,190.34,194.82,13.51,8.32,87.62,89.81,47.28380792266471,204.46,18112.09,18316.55,188.44,209.37,win
2025-02-07 17:15:00,2025-02-07 21:45:00,190.49,193.13,12.17,4.68,84.49,85.56,47.246574623339804,117.43,18316.55,18433.98,188.59,209.54,win
2025-02-08 01:30:00,2025-02-08 06:30:00,190.77,194.55,16.0,11.91,91.51,95.16,47.17722912407611,170.99,18433.98,18604.97,188.86,209.85,win
2025-02-09 04:15:00,2025-02-09 05:15:00,204.49,202.45,19.33,16.51,0.9,7.07,44.01193212382023,-97.13,18604.97,18507.84,202.45,224.94,loss
2025-02-09 05:30:00,2025-02-09 09:30:00,202.02,200.0,13.01,5.8,4.04,23.63,44.55004455004455,-97.13,18507.84,18410.71,200.0,222.22,loss
2025-02-10 17:30:00,2025-02-11 10:00:00,201.03,199.02,19.67,17.58,9.11,16.19,44.76943739740337,-97.13,18410.71,18313.58,199.02,221.13,loss
2025-02-13 03:45:00,2025-02-13 08:15:00,193.81,191.87,18.53,10.85,22.31,28.4,46.43723234095248,-97.13,18313.58,18216.46,191.87,213.19,loss
2025-02-14 09:15:00,2025-02-14 14:30:00,197.2,203.99,14.63,12.49,81.51,91.22,45.63894523326572,302.44,18216.46,18518.9,195.23,216.92,win
2025-02-14 20:45:00,2025-02-15 03:15:00,197.73,195.75,18.62,17.27,5.83,5.89,45.51661356395084,-97.13,18518.9,18421.77,195.75,217.5,loss
2025-02-16 05:30:00,2025-02-16 10:00:00,193.01,191.08,19.85,19.71,15.41,13.87,46.62970830526916,-97.13,18421.77,18324.64,191.08,212.31,loss
2025-02-16 10:45:00,2025-02-16 17:15:00,190.14,188.24,19.65,13.74,5.65,29.05,47.33354370463869,-97.13,18324.64,18227.51,188.24,209.15,loss
2025-02-17 01:15:00,2025-02-17 06:00:00,182.56,184.2,13.42,7.63,80.31,85.66,49.2988606485539,73.59,18227.51,18301.1,180.73,200.82,win
2025-02-17 12:15:00,2025-02-17 13:00:00,180.27,178.47,10.35,6.14,4.54,6.34,49.925112331502746,-97.13,18301.1,18203.97,178.47,198.3,loss
2025-02-17 13:15:00,2025-02-17 14:45:00,178.93,177.14,11.59,7.2,1.36,7.63,50.29899960878556,-97.13,18203.97,18106.84,177.14,196.82,loss
2025-02-17 20:45:00,2025-02-18 01:30:00,176.03,174.27,9.76,5.88,15.87,16.57,51.12764869624496,-97.13,18106.84,18009.71,174.27,193.63,loss
2025-02-18 02:45:00,2025-02-18 03:00:00,167.15,165.48,18.5,9.43,6.15,8.26,53.84385282680227,-97.13,18009.71,17912.59,165.48,183.86,loss
2025-02-18 03:15:00,2025-02-18 13:00:00,165.42,163.77,10.05,8.41,0.12,15.35,54.4069640914037,-97.13,17912.59,17815.46,163.77,181.96,loss
2025-02-18 13:15:00,2025-02-18 13:30:00,163.79,162.15,16.39,14.13,0.76,9.06,54.948409548812506,-97.13,17815.46,17718.33,162.15,180.17,loss
2025-02-18 13:45:00,2025-02-18 20:30:00,161.82,170.07,9.4,6.36,88.6,89.37,55.61735261401557,451.28,17718.33,18169.61,160.2,178.0,win
