entry_time,exit_time,profit,position_size,balance_before,balance_after,stop_loss,take_profit
1970-01-01 00:00:00.107000+00:00,1970-01-01 00:00:00.116000+00:00,-107.92000000000007,0.21110184608564403,10000.0,9892.08,46896.795,52107.55
1970-01-01 00:00:00.170000+00:00,1970-01-01 00:00:00.238000+00:00,72.98984354198546,0.2131783895950186,9892.08,9965.069843541985,46439.9793,51599.977000000006
1970-01-01 00:00:00.257000+00:00,1970-01-01 00:00:00.273000+00:00,-107.92000000000007,0.2155959989694511,9965.069843541985,9857.149843541985,45919.2195,51021.35500000001
1970-01-01 00:00:00.296000+00:00,1970-01-01 00:00:00.319000+00:00,115.30018541804202,0.21747366067758703,9857.149843541985,9972.450028960027,45522.7542,50580.838
1970-01-01 00:00:00.357000+00:00,1970-01-01 00:00:00.362000+00:00,-107.92000000000189,0.21358179445870576,9972.450028960027,9864.530028960025,46352.2653,51502.51700000001
1970-01-01 00:00:00.433000+00:00,1970-01-01 00:00:00.462000+00:00,-107.92000000000007,0.21666153178836328,9864.530028960025,9756.610028960025,45693.3906,50770.43400000001
1970-01-01 00:00:00.464000+00:00,1970-01-01 00:00:00.470000+00:00,-107.92000000000007,0.22603492917760584,9756.610028960025,9648.690028960025,43798.540499999996,48665.045
1970-01-01 00:00:00.577000+00:00,1970-01-01 00:00:00.589000+00:00,-107.92000000000007,0.23307241653210617,9648.690028960025,9540.770028960025,42476.0688,47195.632000000005
1970-01-01 00:00:00.741000+00:00,1970-01-01 00:00:00.743000+00:00,-107.92000000000007,0.24232572600181698,9540.770028960025,9432.850028960025,40854.1023,45393.447
1970-01-01 00:00:00.805000+00:00,1970-01-01 00:00:00.842000+00:00,114.42298731306619,0.24063832685133893,9432.850028960025,9547.273016273091,41140.5786,45711.754
1970-01-01 00:00:00.862000+00:00,1970-01-01 00:00:00.881000+00:00,40.42548164884829,0.23854039991775125,9547.273016273091,9587.69849792194,41502.4038,46113.78200000001
1970-01-01 00:00:00.916000+00:00,1970-01-01 00:00:00.921000+00:00,-107.92000000000007,0.24450499474803272,9587.69849792194,9479.77849792194,40489.9704,44988.856
1970-01-01 00:00:01.004000+00:00,1970-01-01 00:00:01.026000+00:00,236.29307707077896,0.2394201435658949,9479.77849792194,9716.071574992719,41349.904200000004,45944.338
1970-01-01 00:00:01.063000+00:00,1970-01-01 00:00:01.111000+00:00,295.5430362419211,0.23459832661013627,9716.071574992719,10011.61461123464,42199.7895,46888.655000000006
1970-01-01 00:00:01.159000+00:00,1970-01-01 00:00:01.186000+00:00,57.44458658459007,0.22962866518923583,10011.61461123464,10069.05919781923,43113.0843,47903.427
1970-01-01 00:00:01.221000+00:00,1970-01-01 00:00:01.291000+00:00,-107.92000000000007,0.2334625081390867,10069.05919781923,9961.13919781923,42405.0957,47116.773
1970-01-01 00:00:01.343000+00:00,1970-01-01 00:00:01.404000+00:00,19.755323507035428,0.2322343076955947,9961.13919781923,9980.894521326265,42629.3604,47365.956000000006
1970-01-01 00:00:01.435000+00:00,1970-01-01 00:00:01.462000+00:00,-46.63235624713889,0.23128125187916015,9980.894521326265,9934.262165079126,42805.026,47561.14000000001
1970-01-01 00:00:01.513000+00:00,1970-01-01 00:00:01.530000+00:00,24.276451860288944,0.2323906021240501,9934.262165079126,9958.538616939415,42600.69,47334.100000000006
1970-01-01 00:00:01.541000+00:00,1970-01-01 00:00:01.556000+00:00,-107.92000000000007,0.23312675194754087,9958.538616939415,9850.618616939415,42466.1688,47184.632000000005
1970-01-01 00:00:01.609000+00:00,1970-01-01 00:00:01.634000+00:00,67.25212203234878,0.23826996940613596,9850.618616939415,9917.870738971764,41549.507999999994,46166.12
1970-01-01 00:00:01.647000+00:00,1970-01-01 00:00:01.685000+00:00,-107.92000000000007,0.23786564111688385,9917.870738971764,9809.950738971764,41620.1346,46244.594000000005
1970-01-01 00:00:01.686000+00:00,1970-01-01 00:00:01.717000+00:00,182.48693123874364,0.241089919307204,9809.950738971764,9992.437670210507,41063.517,45626.130000000005
1970-01-01 00:00:01.745000+00:00,1970-01-01 00:00:01.776000+00:00,91.05384537849022,0.23999116832500567,9992.437670210507,10083.491515588998,41251.518,45835.020000000004
1970-01-01 00:00:01.793000+00:00,1970-01-01 00:00:01.835000+00:00,24.037173568171056,0.23895382193495726,10083.491515588998,10107.528689157169,41430.5991,46033.999
1970-01-01 00:00:01.910000+00:00,1970-01-01 00:00:01.911000+00:00,-107.92000000000007,0.23946010367185727,10107.528689157169,9999.608689157169,41343.0039,45936.671
1970-01-01 00:00:01.912000+00:00,1970-01-01 00:00:01.917000+00:00,-107.92000000000007,0.24196102636963854,9999.608689157169,9891.688689157168,40915.6803,45461.867000000006
1970-01-01 00:00:01.928000+00:00,1970-01-01 00:00:01.933000+00:00,-107.92000000000007,0.251389555769516,9891.688689157168,9783.768689157168,39381.111000000004,43756.79000000001
1970-01-01 00:00:01.934000+00:00,1970-01-01 00:00:01.953000+00:00,118.8723565958935,0.258681747467635,9783.768689157168,9902.641045753062,38270.9646,42523.294
1970-01-01 00:00:01.970000+00:00,1970-01-01 00:00:02.006000+00:00,-107.92000000000007,0.2632480225466666,9902.641045753062,9794.721045753062,37607.1201,41785.689
1970-01-01 00:00:02.039000+00:00,1970-01-01 00:00:02.045000+00:00,-107.92000000000007,0.2798081747077474,9794.721045753062,9686.801045753062,35381.3823,39312.647
1970-01-01 00:00:02.088000+00:00,1970-01-01 00:00:02.205000+00:00,520.0821048958387,0.2898283578499141,9686.801045753062,10206.8831506489,34158.1482,37953.49800000001
1970-01-01 00:00:02.220000+00:00,1970-01-01 00:00:02.239000+00:00,-107.92000000000189,0.28312009671382504,10206.8831506489,10098.963150648899,34967.492999999995,38852.77
1970-01-01 00:00:02.248000+00:00,1970-01-01 00:00:02.251000+00:00,-107.92000000000007,0.29536120460113685,10098.963150648899,9991.043150648899,33518.2815,37242.535
1970-01-01 00:00:02.306000+00:00,1970-01-01 00:00:02.321000+00:00,8.12448026128186,0.27519423897372364,9991.043150648899,9999.16763091018,35974.5903,39971.76700000001
1970-01-01 00:00:02.390000+00:00,1970-01-01 00:00:02.415000+00:00,229.96658325121098,0.273822488000414,9999.16763091018,10229.134214161391,36154.8099,40172.011000000006
1970-01-01 00:00:02.488000+00:00,1970-01-01 00:00:02.503000+00:00,-107.92000000000007,0.2753642104729821,10229.134214161391,10121.214214161391,35952.3846,39947.094000000005
1970-01-01 00:00:02.505000+00:00,1970-01-01 00:00:02.535000+00:00,180.31968598205094,0.2789386273653298,10121.214214161391,10301.533900143442,35491.6782,39435.198000000004
1970-01-01 00:00:02.567000+00:00,1970-01-01 00:00:02.578000+00:00,-107.92000000000007,0.2756185362285407,10301.533900143442,10193.613900143442,35919.2097,39910.233
1970-01-01 00:00:02.581000+00:00,1970-01-01 00:00:02.589000+00:00,321.4614637159557,0.28026897974524106,10193.613900143442,10515.075363859398,35323.2099,39248.011000000006
1970-01-01 00:00:02.621000+00:00,1970-01-01 00:00:02.626000+00:00,-107.92000000000007,0.2708292765364619,10515.075363859398,10407.155363859398,36554.3937,40615.993
1970-01-01 00:00:02.632000+00:00,1970-01-01 00:00:02.648000+00:00,106.74419059563843,0.27396712339725804,10407.155363859398,10513.899554455036,36135.722700000006,40150.80300000001
1970-01-01 00:00:02.695000+00:00,1970-01-01 00:00:02.766000+00:00,82.50513896478151,0.2664125446207711,10513.899554455036,10596.404693419818,37160.412299999996,41289.347
1970-01-01 00:00:02.788000+00:00,1970-01-01 00:00:02.877000+00:00,38.37508928472562,0.2639607522036764,10596.404693419818,10634.779782704543,37505.5758,41672.862
1970-01-01 00:00:02.885000+00:00,1970-01-01 00:00:02.911000+00:00,55.17491474330927,0.2710864603156531,10634.779782704543,10689.954697447853,36519.714,40577.46
1970-01-01 00:00:02.983000+00:00,1970-01-01 00:00:03.033000+00:00,165.90665823879317,0.26151865451790474,10689.954697447853,10855.861355686646,37855.8081,42062.009000000005
1970-01-01 00:00:03.079000+00:00,1970-01-01 00:00:03.123000+00:00,65.88251539551675,0.2601473058104421,10855.861355686646,10921.743871082163,38055.3624,42283.736000000004
1970-01-01 00:00:03.129000+00:00,1970-01-01 00:00:03.130000+00:00,-107.92000000000007,0.26078203316104337,10921.743871082163,10813.823871082162,37962.738,42180.82
1970-01-01 00:00:03.133000+00:00,1970-01-01 00:00:03.136000+00:00,-107.91999999999825,0.2658162672644343,10813.823871082162,10705.903871082164,37243.770300000004,41381.967000000004
1970-01-01 00:00:03.137000+00:00,1970-01-01 00:00:03.151000+00:00,79.88576283693874,0.2685355307416791,10705.903871082164,10785.789633919103,36866.629799999995,40962.922
1970-01-01 00:00:03.209000+00:00,1970-01-01 00:00:03.255000+00:00,159.29894473195782,0.27517485298095545,10785.789633919103,10945.08857865106,35977.1247,39974.583
1970-01-01 00:00:03.646000+00:00,1970-01-01 00:00:03.664000+00:00,55.57775450209192,0.22799432932504105,10945.08857865106,11000.666333153153,43422.1326,48246.814
1970-01-01 00:00:03.683000+00:00,1970-01-01 00:00:03.697000+00:00,-107.92000000000189,0.22724943420572116,11000.666333153153,10892.74633315315,43564.4649,48404.961
1970-01-01 00:00:03.718000+00:00,1970-01-01 00:00:03.731000+00:00,316.5840754401015,0.23321412204794648,10892.74633315315,11209.330408593252,42450.2595,47166.95500000001
1970-01-01 00:00:03.754000+00:00,1970-01-01 00:00:03.771000+00:00,104.75937717819761,0.23141527100116727,11209.330408593252,11314.08978577145,42780.2364,47533.596000000005
1970-01-01 00:00:03.808000+00:00,1970-01-01 00:00:03.822000+00:00,172.25579245290464,0.22855998751148227,11314.08978577145,11486.345578224355,43314.6681,48127.40900000001
1970-01-01 00:00:03.842000+00:00,1970-01-01 00:00:03.852000+00:00,-107.92000000000007,0.22662221849554573,11486.345578224355,11378.425578224354,43685.037000000004,48538.93000000001
1970-01-01 00:00:03.896000+00:00,1970-01-01 00:00:03.909000+00:00,514.2132525186935,0.23056519830451574,11378.425578224354,11892.638830743048,42937.9632,47708.848000000005
1970-01-01 00:00:03.918000+00:00,1970-01-01 00:00:03.921000+00:00,-107.92000000000007,0.22394179663128835,11892.638830743048,11784.718830743048,44207.9154,49119.906
1970-01-01 00:00:03.923000+00:00,1970-01-01 00:00:03.933000+00:00,-107.92000000000007,0.2267450297489479,11784.718830743048,11676.798830743048,43661.376000000004,48512.64000000001
1970-01-01 00:00:03.934000+00:00,1970-01-01 00:00:03.937000+00:00,-107.92000000000007,0.22939731132587288,11676.798830743048,11568.878830743048,43156.5651,47951.739
1970-01-01 00:00:04.011000+00:00,1970-01-01 00:00:04.027000+00:00,-107.92000000000007,0.23438646296295426,11568.878830743048,11460.958830743048,42237.9342,46931.03800000001
1970-01-01 00:00:04.118000+00:00,1970-01-01 00:00:04.133000+00:00,98.98203351624215,0.23833601421626657,11460.958830743048,11559.94086425929,41537.9943,46153.327000000005
1970-01-01 00:00:04.197000+00:00,1970-01-01 00:00:04.230000+00:00,-107.92000000000007,0.23695138349989042,11559.94086425929,11452.02086425929,41780.722499999996,46423.025
1970-01-01 00:00:04.231000+00:00,1970-01-01 00:00:04.314000+00:00,224.01246927377542,0.23997832515767176,11452.02086425929,11676.033333533065,41253.7257,45837.473000000005
1970-01-01 00:00:04.392000+00:00,1970-01-01 00:00:04.448000+00:00,50.59489823291551,0.22753195857007083,11676.033333533065,11726.62823176598,43510.3713,48344.857
1970-01-01 00:00:04.568000+00:00,1970-01-01 00:00:04.583000+00:00,-107.92000000000007,0.2369152871484355,11726.62823176598,11618.70823176598,41787.0882,46430.098000000005
1970-01-01 00:00:04.654000+00:00,1970-01-01 00:00:04.666000+00:00,-107.92000000000007,0.24835736439191192,11618.70823176598,11510.78823176598,39861.914399999994,44291.016
1970-01-01 00:00:04.741000+00:00,1970-01-01 00:00:04.799000+00:00,19.27860085238717,0.2501873277616615,11510.78823176598,11530.066832618368,39570.349500000004,43967.05500000001
1970-01-01 00:00:04.813000+00:00,1970-01-01 00:00:04.823000+00:00,-107.92000000000007,0.25114263620909233,11530.066832618368,11422.146832618368,39419.829900000004,43799.81100000001
1970-01-01 00:00:04.824000+00:00,1970-01-01 00:00:04.833000+00:00,-107.91999999999825,0.2563215954276329,11422.146832618368,11314.22683261837,38623.3551,42914.839
1970-01-01 00:00:04.886000+00:00,1970-01-01 00:00:04.901000+00:00,221.69307483410194,0.26233278908024027,11314.22683261837,11535.919907452471,37738.324799999995,41931.472
1970-01-01 00:00:04.938000+00:00,1970-01-01 00:00:04.942000+00:00,-107.92000000000189,0.2608840159233168,11535.919907452471,11427.99990745247,37947.897899999996,42164.331000000006
1970-01-01 00:00:04.943000+00:00,1970-01-01 00:00:04.983000+00:00,-107.92000000000007,0.26611789608255826,11427.99990745247,11320.07990745247,37201.5567,41335.063
1970-01-01 00:00:05.099000+00:00,1970-01-01 00:00:05.113000+00:00,86.65818408337691,0.26530181264810476,11320.07990745247,11406.738091535846,37315.9908,41462.212
1970-01-01 00:00:05.153000+00:00,1970-01-01 00:00:05.159000+00:00,-107.92000000000007,0.25963458509224946,11406.738091535846,11298.818091535846,38130.5133,42367.237
1970-01-01 00:00:05.162000+00:00,1970-01-01 00:00:05.176000+00:00,-107.92000000000007,0.26418515786648294,11298.818091535846,11190.898091535846,37473.717599999996,41637.464
1970-01-01 00:00:05.188000+00:00,1970-01-01 00:00:05.195000+00:00,-107.92000000000007,0.2712088728694848,11190.898091535846,11082.978091535846,36503.2305,40559.145
1970-01-01 00:00:05.197000+00:00,1970-01-01 00:00:05.198000+00:00,-107.92000000000189,0.28215932013147493,11082.978091535846,10975.058091535844,35086.5603,38985.067
1970-01-01 00:00:05.201000+00:00,1970-01-01 00:00:05.206000+00:00,-107.91999999999825,0.287529748546609,10975.058091535844,10867.138091535846,34431.219900000004,38256.91100000001
1970-01-01 00:00:05.207000+00:00,1970-01-01 00:00:05.264000+00:00,991.2000000000025,0.2883435671271033,10867.138091535846,11858.338091535848,34334.0415,38148.935000000005
1970-01-01 00:00:05.392000+00:00,1970-01-01 00:00:05.411000+00:00,-107.92000000000007,0.25400489518233993,11858.338091535848,11750.418091535848,38975.6268,43306.252
1970-01-01 00:00:05.468000+00:00,1970-01-01 00:00:05.476000+00:00,-107.92000000000007,0.2561211678510563,11750.418091535848,11642.498091535848,38653.5798,42948.422
1970-01-01 00:00:05.478000+00:00,1970-01-01 00:00:05.515000+00:00,223.56998259008287,0.2598882948131234,11642.498091535848,11866.068074125931,38093.2893,42325.877
1970-01-01 00:00:05.550000+00:00,1970-01-01 00:00:05.551000+00:00,-107.92000000000007,0.26090395916539955,11866.068074125931,11758.148074125931,37944.9972,42161.108
1970-01-01 00:00:05.553000+00:00,1970-01-01 00:00:05.599000+00:00,200.23355312283456,0.26620715761832975,11758.148074125931,11958.381627248766,37189.082700000006,41321.20300000001
1970-01-01 00:00:05.727000+00:00,1970-01-01 00:00:05.760000+00:00,208.19037437027146,0.22912819699709167,11958.381627248766,12166.572001619037,43207.2531,48008.05900000001
1970-01-01 00:00:05.788000+00:00,1970-01-01 00:00:05.871000+00:00,-107.92000000000007,0.22830555045038978,12166.572001619037,12058.652001619037,43362.9405,48181.045
1970-01-01 00:00:05.872000+00:00,1970-01-01 00:00:05.918000+00:00,-107.92000000000007,0.23064709426177707,12058.652001619037,11950.732001619037,42922.7172,47691.908
1970-01-01 00:00:05.919000+00:00,1970-01-01 00:00:05.936000+00:00,-107.92000000000189,0.23503231929422616,11950.732001619037,11842.812001619035,42121.866599999994,46802.074
1970-01-01 00:00:06.016000+00:00,1970-01-01 00:00:06.030000+00:00,-107.92000000000007,0.2463847351844547,11842.812001619035,11734.892001619035,40181.0607,44645.62300000001
1970-01-01 00:00:06.032000+00:00,1970-01-01 00:00:06.041000+00:00,-107.91999999999825,0.2524623919397847,11734.892001619035,11626.972001619037,39213.7614,43570.846000000005
1970-01-01 00:00:06.042000+00:00,1970-01-01 00:00:06.073000+00:00,35.810385234284695,0.25733925110675177,11626.972001619037,11662.782386853321,38470.6179,42745.131
1970-01-01 00:00:06.160000+00:00,1970-01-01 00:00:06.170000+00:00,138.63999175702156,0.25695070940236603,11662.782386853321,11801.422378610343,38528.7903,42809.76700000001
1970-01-01 00:00:06.180000+00:00,1970-01-01 00:00:06.183000+00:00,-107.92000000000007,0.25535270336800003,11801.422378610343,11693.502378610343,38769.9048,43077.672
1970-01-01 00:00:06.185000+00:00,1970-01-01 00:00:06.199000+00:00,126.81744900869307,0.2606850908461473,11693.502378610343,11820.319827619036,37976.8554,42196.506
1970-01-01 00:00:06.223000+00:00,1970-01-01 00:00:06.237000+00:00,-107.92000000000007,0.2585939831386379,11820.319827619036,11712.399827619036,38283.953400000006,42537.72600000001
1970-01-01 00:00:06.314000+00:00,1970-01-01 00:00:06.318000+00:00,-107.92000000000007,0.26285388346898786,11712.399827619036,11604.479827619036,37663.5105,41848.345
1970-01-01 00:00:06.319000+00:00,1970-01-01 00:00:06.435000+00:00,431.98722879824527,0.26803227322995504,11604.479827619036,12036.467056417281,36935.850600000005,41039.834
1970-01-01 00:00:06.509000+00:00,1970-01-01 00:00:06.534000+00:00,-107.92000000000007,0.23864286665447995,12036.467056417281,11928.547056417281,41484.5838,46093.982
1970-01-01 00:00:06.536000+00:00,1970-01-01 00:00:06.545000+00:00,-107.92000000000007,0.24456090434709452,11928.547056417281,11820.627056417281,40480.7139,44978.571
1970-01-01 00:00:06.546000+00:00,1970-01-01 00:00:06.553000+00:00,-107.92000000000007,0.25275324105481006,11820.627056417281,11712.707056417281,39168.6372,43520.708
1970-01-01 00:00:06.633000+00:00,1970-01-01 00:00:06.652000+00:00,160.79701846744865,0.2603321942932059,11712.707056417281,11873.50407488473,38028.335399999996,42253.706000000006
1970-01-01 00:00:06.685000+00:00,1970-01-01 00:00:06.689000+00:00,-107.92000000000007,0.25548624781399576,11873.50407488473,11765.58407488473,38749.639500000005,43055.155000000006
1970-01-01 00:00:06.690000+00:00,1970-01-01 00:00:06.707000+00:00,-107.92000000000007,0.25786494529781984,11765.58407488473,11657.66407488473,38392.1901,42657.989
1970-01-01 00:00:06.850000+00:00,1970-01-01 00:00:06.865000+00:00,-107.92000000000007,0.2561180847796962,11657.66407488473,11549.74407488473,38654.045099999996,42948.939
1970-01-01 00:00:06.867000+00:00,1970-01-01 00:00:06.877000+00:00,110.97858218957299,0.25974835579290784,11549.74407488473,11660.722657074302,38113.812000000005,42348.68000000001
1970-01-01 00:00:06.908000+00:00,1970-01-01 00:00:07.050000+00:00,225.13390047866596,0.2650707288225717,11660.722657074302,11885.856557552968,37348.5222,41498.358
1970-01-01 00:00:07.108000+00:00,1970-01-01 00:00:07.137000+00:00,121.94883056966682,0.25500563307443463,11885.856557552968,12007.805388122635,38822.6718,43136.302
1970-01-01 00:00:07.227000+00:00,1970-01-01 00:00:07.299000+00:00,-107.92000000000189,0.2453385070317696,12007.805388122635,11899.885388122633,40352.4099,44836.011000000006
1970-01-01 00:00:07.387000+00:00,1970-01-01 00:00:07.438000+00:00,9.701118929933727,0.23988207397243513,11899.885388122633,11909.586507052567,41270.2785,45855.865000000005
1970-01-01 00:00:07.500000+00:00,1970-01-01 00:00:07.536000+00:00,-107.92000000000007,0.23883454474195004,11909.586507052567,11801.666507052567,41451.2901,46056.989
1970-01-01 00:00:07.551000+00:00,1970-01-01 00:00:07.569000+00:00,54.769800896461675,0.24189471290725997,11801.666507052567,11856.436307949029,40926.897000000004,45474.33000000001
1970-01-01 00:00:07.678000+00:00,1970-01-01 00:00:07.691000+00:00,189.1937521888758,0.24371620417861178,11856.436307949029,12045.630060137904,40621.0167,45134.463
1970-01-01 00:00:07.707000+00:00,1970-01-01 00:00:07.723000+00:00,129.5721439055451,0.23669765117819808,12045.630060137904,12175.20220404345,41825.5101,46472.789000000004
1970-01-01 00:00:07.742000+00:00,1970-01-01 00:00:07.780000+00:00,-107.92000000000007,0.2344127257980581,12175.20220404345,12067.28220404345,42233.202000000005,46925.780000000006
1970-01-01 00:00:07.797000+00:00,1970-01-01 00:00:07.839000+00:00,162.8150769440781,0.2386528903490203,12067.28220404345,12230.097280987527,41482.8414,46092.046
1970-01-01 00:00:07.849000+00:00,1970-01-01 00:00:07.864000+00:00,40.053283712670236,0.23716223058667057,12230.097280987527,12270.150564700198,41743.5777,46381.753000000004
1970-01-01 00:00:07.980000+00:00,1970-01-01 00:00:08.011000+00:00,60.42995956743471,0.2276223862974965,12270.150564700198,12330.580524267632,43493.085900000005,48325.651000000005
1970-01-01 00:00:08.031000+00:00,1970-01-01 00:00:08.049000+00:00,22.689665489648178,0.22564088215656725,12330.580524267632,12353.27018975728,43875.0279,48750.031
1970-01-01 00:00:08.179000+00:00,1970-01-01 00:00:08.223000+00:00,54.087309454287606,0.22431327053010383,12353.27018975728,12407.357499211568,44134.704900000004,49038.56100000001
1970-01-01 00:00:08.560000+00:00,1970-01-01 00:00:08.576000+00:00,7.157990275582051,0.21225865925119813,12407.357499211568,12414.51548948715,46641.2067,51823.56300000001
1970-01-01 00:00:08.600000+00:00,1970-01-01 00:00:08.609000+00:00,-107.92000000000189,0.2150742070536597,12414.51548948715,12306.595489487148,46030.6242,51145.138000000006
1970-01-01 00:00:08.612000+00:00,1970-01-01 00:00:08.645000+00:00,-107.92000000000007,0.21844654361864127,12306.595489487148,12198.675489487148,45320.0121,50355.569
1970-01-01 00:00:08.646000+00:00,1970-01-01 00:00:08.649000+00:00,-107.92000000000007,0.2214004820331295,12198.675489487148,12090.755489487148,44715.349799999996,49683.722
1970-01-01 00:00:08.650000+00:00,1970-01-01 00:00:08.667000+00:00,12.734481867068098,0.2236590076876074,12090.755489487148,12103.489971354216,44263.8108,49182.012
1970-01-01 00:00:08.875000+00:00,1970-01-01 00:00:08.949000+00:00,-11.50520571675952,0.21654395842355997,12103.489971354216,12091.984765637457,45718.2,50798.00000000001
1970-01-01 00:00:08.989000+00:00,1970-01-01 00:00:09.008000+00:00,35.771881736402065,0.2189142335626606,12091.984765637457,12127.756647373859,45223.1901,50247.989
1970-01-01 00:00:09.084000+00:00,1970-01-01 00:00:09.120000+00:00,-107.92000000000007,0.21812634270396833,12127.756647373859,12019.836647373859,45386.5401,50429.489
1970-01-01 00:00:09.176000+00:00,1970-01-01 00:00:09.193000+00:00,-107.92000000000007,0.22739288373970337,12019.836647373859,11911.916647373859,43536.9825,48374.425
1970-01-01 00:00:09.212000+00:00,1970-01-01 00:00:09.219000+00:00,-107.92000000000007,0.23051943636153654,11911.916647373859,11803.996647373859,42946.4871,47718.319
1970-01-01 00:00:09.276000+00:00,1970-01-01 00:00:09.289000+00:00,88.1064870182181,0.23118794770991,11803.996647373859,11892.103134392077,42822.3015,47580.335
1970-01-01 00:00:09.358000+00:00,1970-01-01 00:00:09.365000+00:00,-107.92000000000007,0.23051183770491349,11892.103134392077,11784.183134392077,42947.9028,47719.89200000001
1970-01-01 00:00:09.366000+00:00,1970-01-01 00:00:09.373000+00:00,226.32391050298793,0.2333982102558441,11784.183134392077,12010.507044895065,42416.777700000006,47129.753000000004
1970-01-01 00:00:09.383000+00:00,1970-01-01 00:00:09.399000+00:00,-107.92000000000007,0.232534453467298,12010.507044895065,11902.587044895065,42574.3362,47304.818
1970-01-01 00:00:09.402000+00:00,1970-01-01 00:00:09.480000+00:00,32.7747408648338,0.2360172745763608,11902.587044895065,11935.361785759898,41946.0822,46606.758
1970-01-01 00:00:09.526000+00:00,1970-01-01 00:00:09.585000+00:00,138.23009641905446,0.23414049366181683,11935.361785759898,12073.591882178953,42282.306000000004,46980.340000000004
1970-01-01 00:00:09.595000+00:00,1970-01-01 00:00:09.622000+00:00,23.07556289261447,0.23746234440873537,12073.591882178953,12096.667445071567,41690.8206,46323.134000000005
1970-01-01 00:00:09.646000+00:00,1970-01-01 00:00:09.663000+00:00,-107.92000000000007,0.24271844660194175,12096.667445071567,11988.747445071567,40788.0,45320.00000000001
1970-01-01 00:00:09.678000+00:00,1970-01-01 00:00:09.687000+00:00,-107.92000000000007,0.25012812813363644,11988.747445071567,11880.827445071567,39579.7149,43977.461
1970-01-01 00:00:09.754000+00:00,1970-01-01 00:00:09.772000+00:00,-107.92000000000007,0.25022708107607655,11880.827445071567,11772.907445071567,39564.062999999995,43960.07
1970-01-01 00:00:09.774000+00:00,1970-01-01 00:00:09.789000+00:00,133.40819110902157,0.25284322203174703,11772.907445071567,11906.315636180589,39154.698,43505.22
1970-01-01 00:00:09.835000+00:00,1970-01-01 00:00:09.854000+00:00,331.05888825166585,0.25120509363544263,11906.315636180589,12237.374524432254,39410.0289,43788.921
1970-01-01 00:00:09.935000+00:00,1970-01-01 00:00:09.944000+00:00,-107.92000000000007,0.2443793363585866,12237.374524432254,12129.454524432254,40510.7901,45011.989
1970-01-01 00:00:09.952000+00:00,1970-01-01 00:00:09.977000+00:00,-11.922912321229887,0.2500670804943426,12129.454524432254,12117.531612111025,39589.3773,43988.197
1970-01-01 00:00:10.041000+00:00,1970-01-01 00:00:10.077000+00:00,111.05729373098802,0.25006320347467825,12117.531612111025,12228.588905842013,39589.9911,43988.879
1970-01-01 00:00:10.111000+00:00,1970-01-01 00:00:10.157000+00:00,-54.702489022440204,0.24756292863973828,12228.588905842013,12173.886416819572,39989.832299999995,44433.147
1970-01-01 00:00:10.179000+00:00,1970-01-01 00:00:10.213000+00:00,16.0753611285254,0.24768335565373176,12173.886416819572,12189.961777948098,39970.388699999996,44411.543
1970-01-01 00:00:10.248000+00:00,1970-01-01 00:00:10.289000+00:00,-107.92000000000007,0.25031332971046505,12189.961777948098,12082.041777948098,39550.4307,43944.923
1970-01-01 00:00:10.290000+00:00,1970-01-01 00:00:10.322000+00:00,91.03130232971671,0.2570695409097897,12082.041777948098,12173.073080277814,38510.980200000005,42789.97800000001
1970-01-01 00:00:10.438000+00:00,1970-01-01 00:00:10.507000+00:00,121.50598637270741,0.24221127265795628,12173.073080277814,12294.579066650522,40873.4073,45414.897
1970-01-01 00:00:10.526000+00:00,1970-01-01 00:00:10.549000+00:00,70.97044242081938,0.24238252325054355,12294.579066650522,12365.549509071341,40844.528999999995,45382.810000000005
1970-01-01 00:00:10.584000+00:00,1970-01-01 00:00:10.642000+00:00,-107.92000000000189,0.2411089856014536,12365.549509071341,12257.62950907134,41060.269799999995,45622.522
1970-01-01 00:00:10.644000+00:00,1970-01-01 00:00:10.649000+00:00,-107.92000000000007,0.2453986525650785,12257.62950907134,12149.70950907134,40342.519799999995,44825.022
1970-01-01 00:00:10.720000+00:00,1970-01-01 00:00:10.775000+00:00,40.359670193127386,0.2539398127092305,12149.70950907134,12190.069179264467,38985.615900000004,43317.35100000001
1970-01-01 00:00:10.791000+00:00,1970-01-01 00:00:10.815000+00:00,60.72644241693342,0.2530311871059356,12190.069179264467,12250.7956216814,39125.6118,43472.902
1970-01-01 00:00:10.828000+00:00,1970-01-01 00:00:10.838000+00:00,31.88220282312068,0.25177653523260124,12250.7956216814,12282.67782450452,39320.5824,43689.53600000001
1970-01-01 00:00:11.080000+00:00,1970-01-01 00:00:11.094000+00:00,-107.92000000000007,0.24754662726384485,12282.67782450452,12174.75782450452,39992.4657,44436.073000000004
1970-01-01 00:00:11.096000+00:00,1970-01-01 00:00:11.099000+00:00,-107.92000000000007,0.25135227524079545,12174.75782450452,12066.83782450452,39386.952000000005,43763.280000000006
1970-01-01 00:00:11.100000+00:00,1970-01-01 00:00:11.103000+00:00,-107.91999999999825,0.25426542971620414,12066.83782450452,11958.917824504522,38935.690200000005,43261.878000000004
1970-01-01 00:00:11.104000+00:00,1970-01-01 00:00:11.109000+00:00,-107.91999999999825,0.25837076049108015,11958.917824504522,11850.997824504524,38317.0293,42574.477000000006
1970-01-01 00:00:11.213000+00:00,1970-01-01 00:00:11.262000+00:00,190.5702130470927,0.2580731074660292,11850.997824504524,12041.568037551617,38361.2229,42623.581000000006
1970-01-01 00:00:11.288000+00:00,1970-01-01 00:00:11.304000+00:00,302.6887303790154,0.25647924275016537,12041.568037551617,12344.256767930632,38599.6149,42888.461
1970-01-01 00:00:11.321000+00:00,1970-01-01 00:00:11.364000+00:00,-107.92000000000007,0.2519265452733416,12344.256767930632,12236.336767930632,39297.1689,43663.521
1970-01-01 00:00:11.371000+00:00,1970-01-01 00:00:11.404000+00:00,-107.92000000000007,0.25769602743534986,12236.336767930632,12128.416767930632,38417.3559,42685.95100000001
1970-01-01 00:00:11.406000+00:00,1970-01-01 00:00:11.421000+00:00,45.21169567483048,0.26055237102657636,12128.416767930632,12173.628463605462,37996.2,42218.0
1970-01-01 00:00:11.520000+00:00,1970-01-01 00:00:11.536000+00:00,76.29525527890837,0.26537510372849366,12173.628463605462,12249.92371888437,37305.6849,41450.761000000006
1970-01-01 00:00:11.600000+00:00,1970-01-01 00:00:11.619000+00:00,217.68382141210895,0.26441952378572603,12249.92371888437,12467.60754029648,37440.5031,41600.55900000001
1970-01-01 00:00:11.661000+00:00,1970-01-01 00:00:11.688000+00:00,-107.92000000000007,0.25856971129916023,12467.60754029648,12359.68754029648,38287.5471,42541.719000000005
1970-01-01 00:00:11.690000+00:00,1970-01-01 00:00:11.703000+00:00,123.37709101263681,0.2622041615995712,12359.68754029648,12483.064631309117,37756.8378,41952.042
1970-01-01 00:00:11.717000+00:00,1970-01-01 00:00:11.784000+00:00,-107.92000000000007,0.26041551378548583,12483.064631309117,12375.144631309116,38016.1683,42240.187
1970-01-01 00:00:11.786000+00:00,1970-01-01 00:00:11.839000+00:00,264.94540251776925,0.26544737837532933,12375.144631309116,12640.090033826886,37295.5275,41439.475000000006
1970-01-01 00:00:11.902000+00:00,1970-01-01 00:00:11.916000+00:00,20.370322906155707,0.2522704339051463,12640.090033826886,12660.460356733041,39243.6,43604.0
1970-01-01 00:00:11.933000+00:00,1970-01-01 00:00:11.959000+00:00,-107.92000000000007,0.2528058286911863,12660.460356733041,12552.540356733041,39160.4895,43511.655000000006
1970-01-01 00:00:11.960000+00:00,1970-01-01 00:00:11.962000+00:00,-107.92000000000007,0.25725186578346954,12552.540356733041,12444.620356733041,38483.685900000004,42759.651000000005
1970-01-01 00:00:11.968000+00:00,1970-01-01 00:00:11.977000+00:00,-107.92000000000007,0.27003490201108493,12444.620356733041,12336.700356733041,36661.9275,40735.475000000006
1970-01-01 00:00:12.006000+00:00,1970-01-01 00:00:12.044000+00:00,-107.92000000000007,0.27576720504698105,12336.700356733041,12228.780356733041,35899.8453,39888.717000000004
1970-01-01 00:00:12.150000+00:00,1970-01-01 00:00:12.180000+00:00,-107.92000000000189,0.27858039886027186,12228.780356733041,12120.86035673304,35537.3172,39485.908
1970-01-01 00:00:12.201000+00:00,1970-01-01 00:00:12.260000+00:00,-107.92000000000007,0.2891018155883121,12120.86035673304,12012.94035673304,34243.9911,38048.879
1970-01-01 00:00:12.287000+00:00,1970-01-01 00:00:12.297000+00:00,-107.92000000000007,0.29378584187270845,12012.94035673304,11905.020356733039,33698.016,37442.240000000005
1970-01-01 00:00:12.331000+00:00,1970-01-01 00:00:12.347000+00:00,-107.92000000000007,0.3046716523135851,11905.020356733039,11797.100356733039,32493.9978,36104.442
1970-01-01 00:00:12.350000+00:00,1970-01-01 00:00:12.354000+00:00,-107.92000000000007,0.30981228164043123,11797.100356733039,11689.180356733039,31954.8339,35505.37100000001
1970-01-01 00:00:12.428000+00:00,1970-01-01 00:00:12.436000+00:00,240.41349754808653,0.3185337255545274,11689.180356733039,11929.593854281125,31079.9115,34533.235
1970-01-01 00:00:12.468000+00:00,1970-01-01 00:00:12.470000+00:00,-107.92000000000007,0.3227550369957961,11929.593854281125,11821.673854281125,30673.4175,34081.575000000004
1970-01-01 00:00:12.508000+00:00,1970-01-01 00:00:12.531000+00:00,-107.92000000000007,0.3284071171076791,11821.673854281125,11713.753854281125,30145.509899999997,33495.011
1970-01-01 00:00:12.561000+00:00,1970-01-01 00:00:12.563000+00:00,-107.92000000000007,0.3419661549257147,11713.753854281125,11605.833854281125,28950.2334,32166.926000000003
1970-01-01 00:00:12.597000+00:00,1970-01-01 00:00:12.621000+00:00,648.0811884857721,0.36768815338184857,11605.833854281125,12253.915042766897,26924.9904,29916.656000000003
1970-01-01 00:00:12.649000+00:00,1970-01-01 00:00:12.669000+00:00,146.94327099932707,0.35027631547145965,12253.915042766897,12400.858313766224,28263.4011,31403.779000000002
1970-01-01 00:00:12.704000+00:00,1970-01-01 00:00:12.738000+00:00,-107.92000000000189,0.33033859375521313,12400.858313766224,12292.938313766223,29969.2503,33299.167
1970-01-01 00:00:12.739000+00:00,1970-01-01 00:00:12.743000+00:00,-107.92000000000007,0.33400178223351,12292.938313766223,12185.018313766222,29640.5604,32933.956
1970-01-01 00:00:12.744000+00:00,1970-01-01 00:00:12.766000+00:00,-107.92000000000007,0.33756858127689365,12185.018313766222,12077.098313766222,29327.3739,32585.971000000005
1970-01-01 00:00:12.814000+00:00,1970-01-01 00:00:12.841000+00:00,282.31495859302777,0.3458362354757427,12077.098313766222,12359.41327235925,28626.265799999997,31806.962
1970-01-01 00:00:12.875000+00:00,1970-01-01 00:00:12.892000+00:00,24.570248767249723,0.33500848744002926,12359.41327235925,12383.9835211265,29551.490100000003,32834.989
1970-01-01 00:00:12.967000+00:00,1970-01-01 00:00:12.968000+00:00,-107.92000000000189,0.32492788225653313,12383.9835211265,12276.063521126498,30468.2994,33853.666000000005
1970-01-01 00:00:12.969000+00:00,1970-01-01 00:00:12.984000+00:00,-107.92000000000007,0.3278769150061067,12276.063521126498,12168.143521126498,30194.2575,33549.175
1970-01-01 00:00:13.020000+00:00,1970-01-01 00:00:13.026000+00:00,-107.91999999999825,0.3379216332698717,12168.143521126498,12060.2235211265,29296.7334,32551.926000000003
1970-01-01 00:00:13.115000+00:00,1970-01-01 00:00:13.129000+00:00,-107.92000000000007,0.33260149916799736,12060.2235211265,11952.3035211265,29765.349899999997,33072.611000000004
1970-01-01 00:00:13.161000+00:00,1970-01-01 00:00:13.165000+00:00,-107.92000000000007,0.33122014878409084,11952.3035211265,11844.3835211265,29889.486,33210.54
1970-01-01 00:00:13.166000+00:00,1970-01-01 00:00:13.203000+00:00,-107.92000000000007,0.33470921133137954,11844.3835211265,11736.4635211265,29577.9132,32864.348000000005
1970-01-01 00:00:13.208000+00:00,1970-01-01 00:00:13.213000+00:00,-107.92000000000007,0.3399354462587555,11736.4635211265,11628.5435211265,29123.176499999998,32359.085000000003
1970-01-01 00:00:13.214000+00:00,1970-01-01 00:00:13.247000+00:00,-107.92000000000007,0.3443249904535896,11628.5435211265,11520.6235211265,28751.906700000003,31946.563000000006
1970-01-01 00:00:13.286000+00:00,1970-01-01 00:00:13.296000+00:00,191.17975395275062,0.3458828868215853,11520.6235211265,11711.80327507925,28622.4048,31802.672000000002
1970-01-01 00:00:13.360000+00:00,1970-01-01 00:00:13.378000+00:00,23.60067978976076,0.3310234516874582,11711.80327507925,11735.40395486901,29907.2466,33230.274000000005
1970-01-01 00:00:13.403000+00:00,1970-01-01 00:00:13.406000+00:00,-107.92000000000007,0.33910570365620374,11735.40395486901,11627.48395486901,29194.436700000002,32438.263000000006
1970-01-01 00:00:13.408000+00:00,1970-01-01 00:00:13.413000+00:00,-107.92000000000007,0.3438793093665502,11627.48395486901,11519.56395486901,28789.1703,31987.967000000004
1970-01-01 00:00:13.414000+00:00,1970-01-01 00:00:13.424000+00:00,110.45403853581956,0.34580502198801233,11519.56395486901,11630.01799340483,28628.8497,31809.833000000002
1970-01-01 00:00:13.529000+00:00,1970-01-01 00:00:13.543000+00:00,46.756160953405924,0.3407748333696259,11630.01799340483,11676.774154358236,29051.4411,32279.379
1970-01-01 00:00:13.547000+00:00,1970-01-01 00:00:13.568000+00:00,0.0139454975942499,0.3401340876600374,11676.774154358236,11676.78809985583,29106.168299999998,32340.187
1970-01-01 00:00:13.642000+00:00,1970-01-01 00:00:13.708000+00:00,-107.92000000000007,0.33213841004678835,11676.78809985583,11568.86809985583,29806.8507,33118.723000000005
1970-01-01 00:00:13.710000+00:00,1970-01-01 00:00:13.737000+00:00,-16.13202483005807,0.3419552797724219,11568.86809985583,11552.736075025772,28951.1541,32167.949000000004
1970-01-01 00:00:13.870000+00:00,1970-01-01 00:00:13.955000+00:00,-107.92000000000007,0.33955303954298877,11552.736075025772,11444.816075025772,29155.9752,32395.528000000002
1970-01-01 00:00:14.020000+00:00,1970-01-01 00:00:14.085000+00:00,-107.92000000000007,0.34533570601985747,11444.816075025772,11336.896075025772,28667.7567,31853.063000000006
1970-01-01 00:00:14.088000+00:00,1970-01-01 00:00:14.128000+00:00,129.8394043957378,0.3522451400738024,11336.896075025772,11466.73547942151,28105.4268,31228.252
1970-01-01 00:00:14.216000+00:00,1970-01-01 00:00:14.312000+00:00,412.86445572087723,0.346351412992542,11466.73547942151,11879.599935142387,28583.6859,31759.651
1970-01-01 00:00:14.477000+00:00,1970-01-01 00:00:14.492000+00:00,34.74424889292641,0.31540567477890064,11879.599935142387,11914.344184035313,31388.148,34875.72
1970-01-01 00:00:14.512000+00:00,1970-01-01 00:00:14.557000+00:00,-107.92000000000007,0.31772115139603496,11914.344184035313,11806.424184035313,31159.3986,34621.554000000004
1970-01-01 00:00:14.562000+00:00,1970-01-01 00:00:14.565000+00:00,-107.92000000000007,0.32877162700858914,11806.424184035313,11698.504184035313,30112.0875,33457.875
1970-01-01 00:00:14.566000+00:00,1970-01-01 00:00:14.577000+00:00,-107.92000000000007,0.3317232592075596,11698.504184035313,11590.584184035313,29844.1539,33160.171
1970-01-01 00:00:14.578000+00:00,1970-01-01 00:00:14.620000+00:00,131.50152089386575,0.33884234512787065,11590.584184035313,11722.085704929179,29217.1275,32463.475000000002
1970-01-01 00:00:14.731000+00:00,1970-01-01 00:00:14.746000+00:00,-107.92000000000007,0.3353307870548903,11722.085704929179,11614.165704929179,29523.087,32803.43
1970-01-01 00:00:14.790000+00:00,1970-01-01 00:00:14.872000+00:00,101.71153508309726,0.3378442294854227,11614.165704929179,11715.877240012276,29303.4456,32559.384000000002
1970-01-01 00:00:14.885000+00:00,1970-01-01 00:00:14.903000+00:00,12.930602283693588,0.33634168548218113,11715.877240012276,11728.80784229597,29434.3533,32704.837
1970-01-01 00:00:14.964000+00:00,1970-01-01 00:00:14.979000+00:00,129.47229316644916,0.33455490480909295,11728.80784229597,11858.280135462419,29591.555399999997,32879.506
1970-01-01 00:00:15.071000+00:00,1970-01-01 00:00:15.073000+00:00,-107.92000000000007,0.318744402051439,11858.280135462419,11750.360135462419,31059.369,34510.41
1970-01-01 00:00:15.076000+00:00,1970-01-01 00:00:15.078000+00:00,-107.92000000000007,0.33124439575887926,11750.360135462419,11642.440135462419,29887.2981,33208.109000000004
1970-01-01 00:00:15.079000+00:00,1970-01-01 00:00:15.146000+00:00,195.9392636818884,0.33819808735453677,11642.440135462419,11838.379399144307,29272.7853,32525.317000000003
1970-01-01 00:00:15.183000+00:00,1970-01-01 00:00:15.283000+00:00,72.11111703176357,0.3330367086381729,11838.379399144307,11910.49051617607,29726.4528,33029.39200000001
1970-01-01 00:00:15.342000+00:00,1970-01-01 00:00:15.361000+00:00,-107.92000000000007,0.33187287145037075,11910.49051617607,11802.57051617607,29830.6998,33145.222
1970-01-01 00:00:15.393000+00:00,1970-01-01 00:00:15.410000+00:00,-107.91999999999825,0.33297715876584016,11802.57051617607,11694.650516176072,29731.7691,33035.299000000006
1970-01-01 00:00:15.426000+00:00,1970-01-01 00:00:15.467000+00:00,83.46877569673597,0.34477800950690884,11694.650516176072,11778.119291872808,28714.128299999997,31904.587
1970-01-01 00:00:15.574000+00:00,1970-01-01 00:00:15.614000+00:00,281.3443696047161,0.36548785867607875,11778.119291872808,12059.463661477525,27087.0831,30096.759000000002
1970-01-01 00:00:15.630000+00:00,1970-01-01 00:00:15.641000+00:00,-107.92000000000007,0.3630275334602478,12059.463661477525,11951.543661477524,27270.658799999997,30300.732
1970-01-01 00:00:15.648000+00:00,1970-01-01 00:00:15.651000+00:00,-107.92000000000007,0.3756142231584198,11951.543661477524,11843.623661477524,26356.829400000002,29285.366000000005
1970-01-01 00:00:15.653000+00:00,1970-01-01 00:00:15.656000+00:00,-107.92000000000007,0.3842710186640434,11843.623661477524,11735.703661477524,25763.067,28625.63
1970-01-01 00:00:15.657000+00:00,1970-01-01 00:00:15.659000+00:00,-107.92000000000007,0.38782508468160726,11735.703661477524,11627.783661477524,25526.9718,28363.302000000003
1970-01-01 00:00:15.660000+00:00,1970-01-01 00:00:15.678000+00:00,-107.92000000000189,0.3965687287315233,11627.783661477524,11519.863661477522,24964.1469,27737.941000000003
1970-01-01 00:00:15.679000+00:00,1970-01-01 00:00:15.683000+00:00,-107.92000000000007,0.403037451449101,11519.863661477522,11411.943661477522,24563.4741,27292.749000000003
1970-01-01 00:00:15.687000+00:00,1970-01-01 00:00:15.693000+00:00,-107.92000000000189,0.4157514936911789,11411.943661477522,11304.02366147752,23812.3017,26458.113000000005
1970-01-01 00:00:15.694000+00:00,1970-01-01 00:00:15.701000+00:00,-107.92000000000007,0.4220415415489347,11304.02366147752,11196.10366147752,23457.406499999997,26063.785
1970-01-01 00:00:15.707000+00:00,1970-01-01 00:00:15.740000+00:00,-107.92000000000007,0.438507635733461,11196.10366147752,11088.18366147752,22576.5738,25085.082000000002
1970-01-01 00:00:15.741000+00:00,1970-01-01 00:00:15.747000+00:00,-107.92000000000007,0.45125070902767656,11088.18366147752,10980.26366147752,21939.0237,24376.693000000003
1970-01-01 00:00:15.822000+00:00,1970-01-01 00:00:15.825000+00:00,-107.92000000000007,0.4495232581086129,10980.26366147752,10872.34366147752,22023.3321,24470.369000000002
1970-01-01 00:00:15.827000+00:00,1970-01-01 00:00:15.829000+00:00,-107.92000000000189,0.4547548484825058,10872.34366147752,10764.423661477518,21769.971299999997,24188.857
1970-01-01 00:00:15.831000+00:00,1970-01-01 00:00:15.856000+00:00,-107.92000000000007,0.4654468545799738,10764.423661477518,10656.503661477518,21269.8827,23633.203
1970-01-01 00:00:15.858000+00:00,1970-01-01 00:00:15.861000+00:00,-107.92000000000007,0.47383865698961775,10656.503661477518,10548.583661477518,20893.1877,23214.653000000002
1970-01-01 00:00:15.873000+00:00,1970-01-01 00:00:15.876000+00:00,-107.92000000000007,0.48864057260856864,10548.583661477518,10440.663661477518,20260.2906,22511.434
1970-01-01 00:00:15.877000+00:00,1970-01-01 00:00:15.887000+00:00,470.097692134892,0.49480406253927506,10440.663661477518,10910.76135361241,20007.9198,22231.022
1970-01-01 00:00:15.908000+00:00,1970-01-01 00:00:15.912000+00:00,-107.92000000000007,0.4821461288487315,10910.76135361241,10802.84135361241,20533.194,22814.66
1970-01-01 00:00:15.947000+00:00,1970-01-01 00:00:15.950000+00:00,-107.92000000000007,0.4453535595105921,10802.84135361241,10694.92135361241,22229.5293,24699.477000000003
1970-01-01 00:00:15.952000+00:00,1970-01-01 00:00:15.959000+00:00,-107.92000000000007,0.44849726506367765,10694.92135361241,10587.00135361241,22073.7132,24526.348
1970-01-01 00:00:15.960000+00:00,1970-01-01 00:00:15.966000+00:00,-107.92000000000189,0.4550561516538333,10587.00135361241,10479.081353612408,21755.5569,24172.841000000004
1970-01-01 00:00:15.967000+00:00,1970-01-01 00:00:15.972000+00:00,-107.92000000000007,0.4594707723749631,10479.081353612408,10371.161353612408,21546.528299999998,23940.587
1970-01-01 00:00:15.975000+00:00,1970-01-01 00:00:15.978000+00:00,-107.92000000000007,0.47006066132834445,10371.161353612408,10263.241353612408,21061.1115,23401.235
1970-01-01 00:00:16.085000+00:00,1970-01-01 00:00:16.121000+00:00,-107.92000000000007,0.4848583583277817,10263.241353612408,10155.321353612408,20418.3342,22687.038000000004
1970-01-01 00:00:16.159000+00:00,1970-01-01 00:00:16.163000+00:00,-107.92000000000007,0.5192490827464953,10155.321353612408,10047.401353612408,19065.9942,21184.438000000002
1970-01-01 00:00:16.192000+00:00,1970-01-01 00:00:16.198000+00:00,-107.92000000000007,0.5269511816616773,10047.401353612408,9939.481353612407,18787.3191,20874.799000000003
1970-01-01 00:00:16.205000+00:00,1970-01-01 00:00:16.208000+00:00,-107.92000000000007,0.5482895012429723,9939.481353612407,9831.561353612407,18056.1546,20062.394000000004
1970-01-01 00:00:16.211000+00:00,1970-01-01 00:00:16.218000+00:00,788.1955954854311,0.5615138413161884,9831.561353612407,10619.756949097839,17630.91,19589.9
1970-01-01 00:00:16.232000+00:00,1970-01-01 00:00:16.239000+00:00,-107.91999999999825,0.5402301272295972,10619.756949097839,10511.83694909784,18325.5237,20361.693000000003
1970-01-01 00:00:16.325000+00:00,1970-01-01 00:00:16.355000+00:00,357.1187730967831,0.5039527534214612,10511.83694909784,10868.955722194623,19644.6987,21827.443000000003
1970-01-01 00:00:16.388000+00:00,1970-01-01 00:00:16.391000+00:00,-107.92000000000007,0.49210394613233366,10868.955722194623,10761.035722194623,20117.7009,22353.001
1970-01-01 00:00:16.393000+00:00,1970-01-01 00:00:16.406000+00:00,220.80450704675604,0.499362563687453,10761.035722194623,10981.84022924138,19825.274699999998,22028.083
1970-01-01 00:00:16.489000+00:00,1970-01-01 00:00:16.495000+00:00,-107.92000000000007,0.4711989090802857,10981.84022924138,10873.92022924138,21010.235399999998,23344.706000000002
1970-01-01 00:00:16.576000+00:00,1970-01-01 00:00:16.688000+00:00,513.222708592104,0.49923915952089015,10873.92022924138,11387.142937833483,19830.175199999998,22033.528000000002
1970-01-01 00:00:16.724000+00:00,1970-01-01 00:00:16.732000+00:00,-107.92000000000007,0.4752095079918359,11387.142937833483,11279.222937833483,20832.9165,23147.685
1970-01-01 00:00:16.769000+00:00,1970-01-01 00:00:16.784000+00:00,170.55894309137875,0.47881116932390905,11279.222937833483,11449.781880924862,20676.2094,22973.566000000003
1970-01-01 00:00:16.849000+00:00,1970-01-01 00:00:16.885000+00:00,112.47369604412415,0.473343876279271,11449.781880924862,11562.255576968986,20915.0271,23238.919
1970-01-01 00:00:16.951000+00:00,1970-01-01 00:00:16.968000+00:00,-107.92000000000007,0.46709480576563145,11562.255576968986,11454.335576968986,21194.8407,23549.823000000004
1970-01-01 00:00:17.048000+00:00,1970-01-01 00:00:17.074000+00:00,87.58363951861611,0.48281516000977215,11454.335576968986,11541.919216487602,20504.7414,22783.046000000002
1970-01-01 00:00:17.095000+00:00,1970-01-01 00:00:17.108000+00:00,55.86909447148355,0.48497898828533254,11541.919216487602,11597.788310959086,20413.2555,22681.395000000004
1970-01-01 00:00:17.152000+00:00,1970-01-01 00:00:17.160000+00:00,-107.92000000000007,0.48427744836149567,11597.788310959086,11489.868310959086,20442.8268,22714.252
1970-01-01 00:00:17.162000+00:00,1970-01-01 00:00:17.208000+00:00,-107.92000000000007,0.4911863968874501,11489.868310959086,11381.948310959086,20155.2813,22394.757
1970-01-01 00:00:17.284000+00:00,1970-01-01 00:00:17.305000+00:00,-107.92000000000007,0.49813523076363636,11381.948310959086,11274.028310959086,19874.1213,22082.357
1970-01-01 00:00:17.306000+00:00,1970-01-01 00:00:17.314000+00:00,-107.92000000000007,0.5125340194455407,11274.028310959086,11166.108310959085,19315.791,21461.99
1970-01-01 00:00:17.315000+00:00,1970-01-01 00:00:17.317000+00:00,-107.91999999999825,0.5199110328240631,11166.108310959085,11058.188310959087,19041.7194,21157.466000000004
1970-01-01 00:00:17.318000+00:00,1970-01-01 00:00:17.334000+00:00,-107.92000000000007,0.5261194638421768,11058.188310959087,10950.268310959087,18817.0191,20907.799000000003
1970-01-01 00:00:17.359000+00:00,1970-01-01 00:00:17.376000+00:00,412.76824741353266,0.5283362585550848,10950.268310959087,11363.03655837262,18738.0666,20820.074
1970-01-01 00:00:17.394000+00:00,1970-01-01 00:00:17.395000+00:00,-107.92000000000007,0.5099912383505252,11363.03655837262,11255.11655837262,19412.0982,21568.998000000003
1970-01-01 00:00:17.396000+00:00,1970-01-01 00:00:17.418000+00:00,-107.92000000000007,0.5147968045532748,11255.11655837262,11147.19655837262,19230.8886,21367.654000000002
1970-01-01 00:00:17.420000+00:00,1970-01-01 00:00:17.449000+00:00,174.97048182572507,0.5225195474562703,11147.19655837262,11322.167040198345,18946.6596,21051.844
1970-01-01 00:00:17.535000+00:00,1970-01-01 00:00:17.603000+00:00,-107.92000000000189,0.5200372970749463,11322.167040198345,11214.247040198343,19037.0961,21152.329
1970-01-01 00:00:17.660000+00:00,1970-01-01 00:00:17.675000+00:00,-107.92000000000189,0.517891332933176,11214.247040198343,11106.327040198341,19115.9793,21239.977000000003
1970-01-01 00:00:17.676000+00:00,1970-01-01 00:00:17.690000+00:00,24.210030409769388,0.5232238121249794,11106.327040198341,11130.53707060811,18921.157199999998,21023.508
1970-01-01 00:00:17.747000+00:00,1970-01-01 00:00:17.758000+00:00,237.43113686188735,0.505489872763144,11130.53707060811,11367.968207469998,19584.9621,21761.069000000003
1970-01-01 00:00:17.795000+00:00,1970-01-01 00:00:17.806000+00:00,-107.92000000000007,0.5026408751580806,11367.968207469998,11260.048207469998,19695.9708,21884.412
1970-01-01 00:00:17.808000+00:00,1970-01-01 00:00:17.831000+00:00,105.48239504213416,0.5132790420981205,11260.048207469998,11365.530602512132,19287.754200000003,21430.838000000003
1970-01-01 00:00:17.854000+00:00,1970-01-01 00:00:17.862000+00:00,-107.92000000000007,0.49548047484866786,11365.530602512132,11257.610602512132,19980.6057,22200.673000000003
1970-01-01 00:00:17.864000+00:00,1970-01-01 00:00:17.909000+00:00,164.81879685389686,0.5036022670159652,11257.610602512132,11422.429399366029,19658.3706,21842.634000000002
1970-01-01 00:00:17.963000+00:00,1970-01-01 00:00:18.011000+00:00,236.16811769649212,0.48971644438437256,11422.429399366029,11658.59751706252,20215.7802,22461.978000000003
1970-01-01 00:00:18.074000+00:00,1970-01-01 00:00:18.083000+00:00,-107.92000000000007,0.4584842510659759,11658.59751706252,11550.67751706252,21592.89,23992.100000000002
1970-01-01 00:00:18.150000+00:00,1970-01-01 00:00:18.180000+00:00,86.34001045389778,0.46544512146023165,11550.67751706252,11637.017527516418,21269.961900000002,23633.291000000005
1970-01-01 00:00:18.222000+00:00,1970-01-01 00:00:18.243000+00:00,-107.92000000000007,0.46306801079874604,11637.017527516418,11529.097527516418,21379.148999999998,23754.61
1970-01-01 00:00:18.298000+00:00,1970-01-01 00:00:18.326000+00:00,83.71893592619926,0.4784590556270852,11529.097527516418,11612.816463442618,20691.4257,22990.473
1970-01-01 00:00:18.423000+00:00,1970-01-01 00:00:18.427000+00:00,-107.92000000000007,0.4940862812991307,11612.816463442618,11504.896463442617,20036.9862,22263.318000000003
1970-01-01 00:00:18.432000+00:00,1970-01-01 00:00:18.450000+00:00,4.067566438512586,0.5002994292083812,11504.896463442617,11508.96402988113,19788.149699999998,21986.833
1970-01-01 00:00:18.508000+00:00,1970-01-01 00:00:18.509000+00:00,-107.92000000000007,0.5092767302804231,11508.96402988113,11401.04402988113,19439.3331,21599.259000000002
1970-01-01 00:00:18.644000+00:00,1970-01-01 00:00:18.658000+00:00,-107.92000000000007,0.4971224069473851,11401.04402988113,11293.12402988113,19914.6123,22127.347
1970-01-01 00:00:18.660000+00:00,1970-01-01 00:00:18.688000+00:00,273.55455102301676,0.5058069163026122,11293.12402988113,11566.678580904147,19572.6861,21747.429
1970-01-01 00:00:18.712000+00:00,1970-01-01 00:00:18.796000+00:00,232.98094352708904,0.487752058069809,11566.678580904147,11799.659524431236,20297.1978,22552.442000000003
1970-01-01 00:00:18.815000+00:00,1970-01-01 00:00:18.839000+00:00,-107.92000000000007,0.4800758903967539,11799.659524431236,11691.739524431236,20621.7396,22913.044
1970-01-01 00:00:18.841000+00:00,1970-01-01 00:00:18.872000+00:00,129.03860431670182,0.4865313525668908,11691.739524431236,11820.778128747937,20348.1234,22609.026
1970-01-01 00:00:19.080000+00:00,1970-01-01 00:00:19.084000+00:00,-107.92000000000189,0.4560489650652811,11820.778128747937,11712.858128747936,21708.1953,24120.217000000004
1970-01-01 00:00:19.085000+00:00,1970-01-01 00:00:19.101000+00:00,207.18712572642107,0.460928050974955,11712.858128747936,11920.045254474357,21478.4064,23864.896000000004
1970-01-01 00:00:19.308000+00:00,1970-01-01 00:00:19.341000+00:00,-107.92000000000007,0.43857340841710085,11920.045254474357,11812.125254474357,22573.188000000002,25081.320000000003
1970-01-01 00:00:19.402000+00:00,1970-01-01 00:00:19.416000+00:00,24.84081158636036,0.4336601830132705,11812.125254474357,11836.966066060717,22828.934699999998,25365.483
1970-01-01 00:00:19.455000+00:00,1970-01-01 00:00:19.461000+00:00,-107.92000000000007,0.42935629187297236,11836.966066060717,11729.046066060717,23057.7732,25619.748000000003
1970-01-01 00:00:19.465000+00:00,1970-01-01 00:00:19.470000+00:00,-107.92000000000007,0.4345220843676769,11729.046066060717,11621.126066060717,22783.6521,25315.169
1970-01-01 00:00:19.475000+00:00,1970-01-01 00:00:19.498000+00:00,115.32102542051689,0.44238059152478415,11621.126066060717,11736.447091481234,22378.9203,24865.467000000004
1970-01-01 00:00:19.593000+00:00,1970-01-01 00:00:19.608000+00:00,121.8677409365173,0.446224184815348,11736.447091481234,11858.314832417751,22186.157399999996,24651.286
1970-01-01 00:00:19.683000+00:00,1970-01-01 00:00:19.689000+00:00,-107.92000000000189,0.4480232541989859,11858.314832417751,11750.394832417749,22097.0673,24552.297000000002
1970-01-01 00:00:19.690000+00:00,1970-01-01 00:00:19.716000+00:00,35.8286531220856,0.45544329890333807,11750.394832417749,11786.223485539835,21737.063700000002,24152.293
1970-01-01 00:00:19.771000+00:00,1970-01-01 00:00:19.775000+00:00,-107.92000000000007,0.4617150497867338,11786.223485539835,11678.303485539835,21441.7962,23824.218000000004
1970-01-01 00:00:19.778000+00:00,1970-01-01 00:00:19.837000+00:00,-107.92000000000007,0.47491047937463793,11678.303485539835,11570.383485539835,20846.034,23162.260000000002
1970-01-01 00:00:19.887000+00:00,1970-01-01 00:00:19.895000+00:00,72.77753896927607,0.47445397464328176,11570.383485539835,11643.16102450911,20866.0914,23184.546000000002
1970-01-01 00:00:19.998000+00:00,1970-01-01 00:00:20.030000+00:00,312.2387386268274,0.43585804103603454,11643.16102450911,11955.399763135938,22713.8175,25237.575
1970-01-01 00:00:20.094000+00:00,1970-01-01 00:00:20.110000+00:00,-107.92000000000007,0.4184625685232456,11955.399763135938,11847.479763135938,23658.03,26286.7
1970-01-01 00:00:20.116000+00:00,1970-01-01 00:00:20.122000+00:00,250.41423320991453,0.4257768724815298,11847.479763135938,12097.893996345852,23251.6152,25835.128
1970-01-01 00:00:20.241000+00:00,1970-01-01 00:00:20.248000+00:00,-107.91999999999825,0.41731437335030414,12097.893996345852,11989.973996345854,23723.1225,26359.025
1970-01-01 00:00:20.249000+00:00,1970-01-01 00:00:20.300000+00:00,53.66649758209314,0.4227114402624193,11989.973996345854,12043.640493927947,23420.232,26022.48
1970-01-01 00:00:20.346000+00:00,1970-01-01 00:00:20.361000+00:00,50.65076891832723,0.42935942579187836,12043.640493927947,12094.291262846275,23057.6049,25619.561
1970-01-01 00:00:20.378000+00:00,1970-01-01 00:00:20.422000+00:00,-107.92000000000007,0.43115174860058925,12094.291262846275,11986.371262846274,22961.753099999998,25513.059
1970-01-01 00:00:20.423000+00:00,1970-01-01 00:00:20.445000+00:00,161.72792438845863,0.4354700834230039,11986.371262846274,12148.099187234733,22734.053099999997,25260.059
1970-01-01 00:00:20.456000+00:00,1970-01-01 00:00:20.466000+00:00,-107.92000000000007,0.4346499459730117,12148.099187234733,12040.179187234733,22776.9498,25307.722
1970-01-01 00:00:20.547000+00:00,1970-01-01 00:00:20.561000+00:00,22.93134727528377,0.4387204105019137,12040.179187234733,12063.110534510017,22565.6244,25072.916000000005
1970-01-01 00:00:20.598000+00:00,1970-01-01 00:00:20.634000+00:00,-107.92000000000007,0.42902380352769115,12063.110534510017,11955.190534510017,23075.6427,25639.603000000003
1970-01-01 00:00:20.635000+00:00,1970-01-01 00:00:20.650000+00:00,77.4401420534723,0.4360678713477681,11955.190534510017,12032.630676563489,22702.887899999998,25225.431
1970-01-01 00:00:20.676000+00:00,1970-01-01 00:00:20.707000+00:00,-107.92000000000007,0.43781782837978944,12032.630676563489,11924.710676563489,22612.1445,25124.605
1970-01-01 00:00:20.709000+00:00,1970-01-01 00:00:20.744000+00:00,104.4897074277651,0.44173181842878645,11924.710676563489,12029.200383991254,22411.788299999997,24901.987
1970-01-01 00:00:20.788000+00:00,1970-01-01 00:00:20.829000+00:00,115.57284058111327,0.43578624336134136,12029.200383991254,12144.773224572367,22717.559699999998,25241.733
1970-01-01 00:00:20.927000+00:00,1970-01-01 00:00:20.981000+00:00,77.14060296564458,0.4356499308841385,12144.773224572367,12221.913827538012,22724.6679,25249.631
1970-01-01 00:00:21.160000+00:00,1970-01-01 00:00:21.175000+00:00,-107.92000000000007,0.4262423793190607,12221.913827538012,12113.993827538012,23226.221700000002,25806.913000000004
1970-01-01 00:00:21.218000+00:00,1970-01-01 00:00:21.251000+00:00,141.19918817048347,0.439301686039871,12113.993827538012,12255.193015708495,22535.766,25039.740000000005
1970-01-01 00:00:21.291000+00:00,1970-01-01 00:00:21.471000+00:00,153.9635403622724,0.4237620321932016,12255.193015708495,12409.156556070768,23362.1685,25957.965000000004
1970-01-01 00:00:21.536000+00:00,1970-01-01 00:00:21.550000+00:00,-107.92000000000007,0.40640246442454425,12409.156556070768,12301.236556070768,24360.0885,27066.765000000003
1970-01-01 00:00:21.644000+00:00,1970-01-01 00:00:21.667000+00:00,-107.92000000000007,0.40561418708629887,12301.236556070768,12193.316556070768,24407.4303,27119.367000000002
1970-01-01 00:00:21.668000+00:00,1970-01-01 00:00:21.704000+00:00,189.5039039643325,0.4123542997626076,12193.316556070768,12382.8204600351,24008.4801,26676.089000000004
1970-01-01 00:00:21.722000+00:00,1970-01-01 00:00:21.724000+00:00,-107.92000000000007,0.4102207315712439,12382.8204600351,12274.9004600351,24133.3488,26814.832000000002
1970-01-01 00:00:21.725000+00:00,1970-01-01 00:00:21.740000+00:00,56.909908285693746,0.41541039639290844,12274.9004600351,12331.810368320794,23831.8542,26479.838000000003
1970-01-01 00:00:21.920000+00:00,1970-01-01 00:00:21.942000+00:00,-107.92000000000007,0.4202356933909953,12331.810368320794,12223.890368320794,23558.2083,26175.787
1970-01-01 00:00:21.944000+00:00,1970-01-01 00:00:21.961000+00:00,44.65304433612255,0.4274432227167266,12223.890368320794,12268.543412656916,23160.9708,25734.412
1970-01-01 00:00:21.966000+00:00,1970-01-01 00:00:21.991000+00:00,58.85264686631672,0.4289132111273812,12268.543412656916,12327.396059523233,23081.5926,25646.214000000004
1970-01-01 00:00:22.086000+00:00,1970-01-01 00:00:22.106000+00:00,-107.92000000000007,0.43840247890297673,12327.396059523233,12219.476059523233,22581.9891,25091.099000000002
1970-01-01 00:00:22.121000+00:00,1970-01-01 00:00:22.124000+00:00,-107.92000000000007,0.45993357639289734,12219.476059523233,12111.556059523233,21524.8473,23916.497000000003
1970-01-01 00:00:22.294000+00:00,1970-01-01 00:00:22.400000+00:00,-107.92000000000189,0.4719964505866916,12111.556059523233,12003.63605952323,20974.733999999997,23305.260000000002
1970-01-01 00:00:22.401000+00:00,1970-01-01 00:00:22.413000+00:00,145.55857123968963,0.4773162606853211,12003.63605952323,12149.19463076292,20740.9653,23045.517000000003
1970-01-01 00:00:22.443000+00:00,1970-01-01 00:00:22.464000+00:00,163.0108305103622,0.47564823720006816,12149.19463076292,12312.205461273283,20813.7006,23126.334
1970-01-01 00:00:22.489000+00:00,1970-01-01 00:00:22.497000+00:00,217.59951536428707,0.4770036538479885,12312.205461273283,12529.80497663757,20754.558,23060.620000000003
1970-01-01 00:00:22.563000+00:00,1970-01-01 00:00:22.582000+00:00,30.709685262969288,0.46760021490905873,12529.80497663757,12560.514661900539,21171.9321,23524.369000000002
1970-01-01 00:00:22.657000+00:00,1970-01-01 00:00:22.685000+00:00,159.8522481804248,0.4682684882935219,12560.514661900539,12720.366910080964,21141.7173,23490.797000000002
1970-01-01 00:00:22.724000+00:00,1970-01-01 00:00:22.735000+00:00,58.22398132596027,0.4659191770003657,12720.366910080964,12778.590891406924,21248.3205,23609.245000000003
1970-01-01 00:00:22.813000+00:00,1970-01-01 00:00:22.817000+00:00,-107.92000000000007,0.4806486064554953,12778.590891406924,12670.670891406924,20597.1678,22885.742000000002
1970-01-01 00:00:22.819000+00:00,1970-01-01 00:00:22.844000+00:00,-107.92000000000007,0.48256120323740664,12670.670891406924,12562.750891406924,20515.532399999996,22795.036
1970-01-01 00:00:22.868000+00:00,1970-01-01 00:00:22.880000+00:00,121.37479255550534,0.500167556131304,12562.750891406924,12684.12568396243,19793.367,21992.63
1970-01-01 00:00:22.963000+00:00,1970-01-01 00:00:22.975000+00:00,22.48227561836029,0.5001095239857529,12684.12568396243,12706.60795958079,19795.6638,21995.182
1970-01-01 00:00:23.040000+00:00,1970-01-01 00:00:23.097000+00:00,361.24481773826847,0.5108948322987713,12706.60795958079,13067.852777319058,19377.765,21530.850000000002
1970-01-01 00:00:23.118000+00:00,1970-01-01 00:00:23.153000+00:00,148.10103347530276,0.49679147227630355,13067.852777319058,13215.95381079436,19927.878299999997,22142.087
1970-01-01 00:00:23.195000+00:00,1970-01-01 00:00:23.202000+00:00,-107.92000000000007,0.5042348161030414,13215.95381079436,13108.03381079436,19633.7097,21815.233
1970-01-01 00:00:23.204000+00:00,1970-01-01 00:00:23.235000+00:00,162.64493120279258,0.5095523226159193,13108.03381079436,13270.678741997153,19428.8193,21587.577
1970-01-01 00:00:23.259000+00:00,1970-01-01 00:00:23.292000+00:00,-107.92000000000007,0.49383106236888785,13270.678741997153,13162.758741997153,20047.3416,22274.824
1970-01-01 00:00:23.326000+00:00,1970-01-01 00:00:23.375000+00:00,26.283338923498377,0.4998657860364492,13162.758741997153,13189.042080920652,19805.3163,22005.907
1970-01-01 00:00:23.395000+00:00,1970-01-01 00:00:23.410000+00:00,168.57208750370592,0.50865967666539,13189.042080920652,13357.614168424358,19462.9149,21625.461
1970-01-01 00:00:23.434000+00:00,1970-01-01 00:00:23.483000+00:00,179.3223798097606,0.500313196060734,13357.614168424358,13536.936548234118,19787.605199999998,21986.228000000003
1970-01-01 00:00:23.492000+00:00,1970-01-01 00:00:23.494000+00:00,-107.92000000000007,0.497869863787784,13536.936548234118,13429.016548234118,19884.7143,22094.127
1970-01-01 00:00:23.720000+00:00,1970-01-01 00:00:23.770000+00:00,-44.43465403447226,0.5037831596372963,13429.016548234118,13384.581894199646,19651.3119,21834.791000000005
1970-01-01 00:00:23.786000+00:00,1970-01-01 00:00:23.811000+00:00,194.13807941456798,0.5075516065784779,13384.581894199646,13578.719973614214,19505.4057,21672.673000000003
1970-01-01 00:00:23.821000+00:00,1970-01-01 00:00:23.876000+00:00,-107.92000000000007,0.5058094747219186,13578.719973614214,13470.799973614214,19572.5871,21747.319000000003
1970-01-01 00:00:23.878000+00:00,1970-01-01 00:00:23.885000+00:00,-107.92000000000189,0.5231772765274423,13470.799973614214,13362.879973614212,18922.8402,21025.378
1970-01-01 00:00:23.886000+00:00,1970-01-01 00:00:23.913000+00:00,-107.92000000000007,0.5303225156378851,13362.879973614212,13254.959973614212,18667.8855,20742.095
1970-01-01 00:00:23.948000+00:00,1970-01-01 00:00:23.987000+00:00,346.8569725520356,0.5341109989478013,13254.959973614212,13601.816946166247,18535.473,20594.97
1970-01-01 00:00:24.052000+00:00,1970-01-01 00:00:24.080000+00:00,176.91279547364502,0.5245637465601732,13601.816946166247,13778.729741639892,18872.825399999998,20969.806
1970-01-01 00:00:24.202000+00:00,1970-01-01 00:00:24.213000+00:00,150.0852673081099,0.47065844646001304,13778.729741639892,13928.815008948002,21034.3617,23371.513000000003
1970-01-01 00:00:24.299000+00:00,1970-01-01 00:00:24.324000+00:00,65.71661637319812,0.4649627332369311,13928.815008948002,13994.5316253212,21292.029,23657.81
1970-01-01 00:00:24.399000+00:00,1970-01-01 00:00:24.413000+00:00,151.26763193388433,0.461747242330032,13994.5316253212,14145.799257255085,21440.3013,23822.557
1970-01-01 00:00:24.513000+00:00,1970-01-01 00:00:24.523000+00:00,95.54448255590069,0.4484286834716811,14145.799257255085,14241.343739810985,22077.0891,24530.099000000002
1970-01-01 00:00:24.533000+00:00,1970-01-01 00:00:24.538000+00:00,-107.92000000000007,0.46870766983856776,14241.343739810985,14133.423739810985,21121.907399999996,23468.786
1970-01-01 00:00:24.539000+00:00,1970-01-01 00:00:24.545000+00:00,-107.92000000000007,0.4759475163154808,14133.423739810985,14025.503739810985,20800.612800000003,23111.792000000005
1970-01-01 00:00:24.546000+00:00,1970-01-01 00:00:24.554000+00:00,-107.92000000000007,0.48063705557894654,14025.503739810985,13917.583739810985,20597.662800000002,22886.292000000005
1970-01-01 00:00:24.556000+00:00,1970-01-01 00:00:24.648000+00:00,-107.91999999999825,0.4961685861775371,13917.583739810985,13809.663739810987,19952.8956,22169.884000000002
1970-01-01 00:00:24.801000+00:00,1970-01-01 00:00:24.836000+00:00,-107.92000000000007,0.5079313479990044,13809.663739810987,13701.743739810987,19490.823,21656.47
1970-01-01 00:00:24.945000+00:00,1970-01-01 00:00:24.956000+00:00,38.963399582458806,0.49969169022712984,13701.743739810987,13740.707139393446,19812.2166,22013.574
1970-01-01 00:00:24.999000+00:00,1970-01-01 00:00:25.031000+00:00,-107.92000000000007,0.5042015111927693,13740.707139393446,13632.787139393446,19635.0066,21816.674000000003
1970-01-01 00:00:25.050000+00:00,1970-01-01 00:00:25.065000+00:00,-107.92000000000007,0.514999886700025,13632.787139393446,13524.867139393446,19223.3052,21359.228000000003
1970-01-01 00:00:25.067000+00:00,1970-01-01 00:00:25.079000+00:00,-107.92000000000007,0.5329027479130196,13524.867139393446,13416.947139393445,18577.4985,20641.665000000005
1970-01-01 00:00:25.082000+00:00,1970-01-01 00:00:25.108000+00:00,248.86570355265576,0.5462513772362848,13416.947139393445,13665.812842946101,18123.5241,20137.249000000003
1970-01-01 00:00:25.129000+00:00,1970-01-01 00:00:25.133000+00:00,195.33850019329293,0.5288495354321255,13665.812842946101,13861.151343139394,18719.8803,20799.867000000002
1970-01-01 00:00:25.191000+00:00,1970-01-01 00:00:25.205000+00:00,-107.92000000000189,0.5200210712538071,13861.151343139394,13753.231343139392,19037.6901,21152.989000000005
1970-01-01 00:00:25.206000+00:00,1970-01-01 00:00:25.288000+00:00,76.05818675104274,0.5307266869015062,13753.231343139392,13829.289529890435,18653.6691,20726.299000000003
1970-01-01 00:00:25.334000+00:00,1970-01-01 00:00:25.336000+00:00,-107.92000000000007,0.5401866452896805,13829.289529890435,13721.369529890435,18326.998799999998,20363.332000000002
1970-01-01 00:00:25.337000+00:00,1970-01-01 00:00:25.356000+00:00,172.95179236180775,0.5447991026069182,13721.369529890435,13894.321322252243,18171.8361,20190.929
1970-01-01 00:00:25.404000+00:00,1970-01-01 00:00:25.421000+00:00,200.60095430429647,0.5296394161890643,13894.321322252243,14094.92227655654,18691.9623,20768.847
1970-01-01 00:00:25.468000+00:00,1970-01-01 00:00:25.475000+00:00,-107.92000000000007,0.5188568131606993,14094.92227655654,13987.002276556539,19080.4086,21200.454
1970-01-01 00:00:25.485000+00:00,1970-01-01 00:00:25.495000+00:00,-107.92000000000007,0.5277370687266707,13987.002276556539,13879.082276556539,18759.3417,20843.713000000003
1970-01-01 00:00:25.549000+00:00,1970-01-01 00:00:25.587000+00:00,16.17462369283021,0.5233393656917552,13879.082276556539,13895.25690024937,18916.9794,21018.866
1970-01-01 00:00:25.597000+00:00,1970-01-01 00:00:25.678000+00:00,10.52019640511935,0.5249228101007747,13895.25690024937,13905.777096654489,18859.9158,20955.462
1970-01-01 00:00:25.774000+00:00,1970-01-01 00:00:25.806000+00:00,160.2782013770193,0.5298670139768321,13905.777096654489,14066.055298031508,18683.933399999998,20759.926000000003
1970-01-01 00:00:25.889000+00:00,1970-01-01 00:00:25.890000+00:00,-107.92000000000007,0.5130254599144992,14066.055298031508,13958.135298031508,19297.2879,21441.431
1970-01-01 00:00:25.895000+00:00,1970-01-01 00:00:25.929000+00:00,-107.92000000000007,0.5275040617812757,13958.135298031508,13850.215298031508,18767.628,20852.920000000002
1970-01-01 00:00:26.016000+00:00,1970-01-01 00:00:26.055000+00:00,7.776068834826219,0.5141224290022632,13850.215298031508,13857.991366866334,19256.1138,21395.682
1970-01-01 00:00:26.122000+00:00,1970-01-01 00:00:26.142000+00:00,106.29053875196769,0.5160014633801501,13857.991366866334,13964.281905618302,19185.9921,21317.769000000004
1970-01-01 00:00:26.504000+00:00,1970-01-01 00:00:26.523000+00:00,152.65388026834444,0.5121114354483536,13964.281905618302,14116.935785886646,19331.73,21479.7
1970-01-01 00:00:26.676000+00:00,1970-01-01 00:00:26.690000+00:00,113.34879978409663,0.499777598968459,14116.935785886646,14230.284585670743,19808.811,22009.790000000005
1970-01-01 00:00:26.714000+00:00,1970-01-01 00:00:26.744000+00:00,-107.92000000000189,0.49442999884797806,14230.284585670743,14122.36458567074,20023.0569,22247.841000000004
1970-01-01 00:00:26.768000+00:00,1970-01-01 00:00:26.786000+00:00,-14.02673659550237,0.49930147723335055,14122.36458567074,14108.337849075238,19827.7002,22030.778000000002
1970-01-01 00:00:26.804000+00:00,1970-01-01 00:00:26.821000+00:00,25.08466435551236,0.5019883759571664,14108.337849075238,14133.42251343075,19721.5722,21912.858
1970-01-01 00:00:26.847000+00:00,1970-01-01 00:00:26.866000+00:00,-36.836351656098486,0.5107865346453736,14133.42251343075,14096.586161774652,19381.8735,21535.415000000005
1970-01-01 00:00:26.897000+00:00,1970-01-01 00:00:26.927000+00:00,5.527343934219971,0.5126154666338593,14096.586161774652,14102.113505708872,19312.721999999998,21458.58
1970-01-01 00:00:26.958000+00:00,1970-01-01 00:00:27.079000+00:00,17.329142530481477,0.5140827837788375,14102.113505708872,14119.442648239354,19257.5988,21397.332000000002
1970-01-01 00:00:27.244000+00:00,1970-01-01 00:00:27.338000+00:00,83.85290713767972,0.5272523561589666,14119.442648239354,14203.295555377033,18776.5875,20862.875
1970-01-01 00:00:27.367000+00:00,1970-01-01 00:00:27.401000+00:00,-107.92000000000007,0.5233801776038295,14203.295555377033,14095.375555377033,18915.5043,21017.227000000003
1970-01-01 00:00:27.517000+00:00,1970-01-01 00:00:27.530000+00:00,-107.92000000000189,0.5154304411156801,14095.375555377033,13987.455555377031,19207.247399999997,21341.386
1970-01-01 00:00:27.752000+00:00,1970-01-01 00:00:27.768000+00:00,45.30352058855897,0.5209589604159753,13987.455555377031,14032.75907596559,19003.416299999997,21114.907
1970-01-01 00:00:27.852000+00:00,1970-01-01 00:00:27.890000+00:00,46.18193176904788,0.5129144156135251,14032.75907596559,14078.941007734638,19301.4657,21446.073
1970-01-01 00:00:27.902000+00:00,1970-01-01 00:00:27.916000+00:00,-107.92000000000007,0.5174534460070963,14078.941007734638,13971.021007734638,19132.155899999998,21257.951
1970-01-01 00:00:27.917000+00:00,1970-01-01 00:00:28.051000+00:00,4.86614705039392,0.5219476371691439,13971.021007734638,13975.887154785032,18967.419899999997,21074.911
1970-01-01 00:00:28.084000+00:00,1970-01-01 00:00:28.136000+00:00,-51.59361570041801,0.522122050206212,13975.887154785032,13924.293539084614,18961.0839,21067.871000000003
1970-01-01 00:00:28.155000+00:00,1970-01-01 00:00:28.176000+00:00,-107.92000000000007,0.5253016807552577,13924.293539084614,13816.373539084614,18846.3132,20940.348
1970-01-01 00:00:28.326000+00:00,1970-01-01 00:00:28.338000+00:00,14.114381631672586,0.5216141244759083,13816.373539084614,13830.487920716287,18979.5474,21088.386
1970-01-01 00:00:28.350000+00:00,1970-01-01 00:00:28.376000+00:00,5.877140387719919,0.521918488858084,13830.487920716287,13836.365061104007,18968.4792,21076.088000000003
1970-01-01 00:00:28.429000+00:00,1970-01-01 00:00:28.526000+00:00,-24.000772037383285,0.516067770019559,13836.365061104007,13812.364289066623,19183.527,21315.030000000002
1970-01-01 00:00:28.549000+00:00,1970-01-01 00:00:28.568000+00:00,93.39026772547004,0.5187171295438971,13812.364289066623,13905.754556792093,19085.546700000003,21206.163000000004
1970-01-01 00:00:28.603000+00:00,1970-01-01 00:00:28.639000+00:00,132.17376603051343,0.4984224928102556,13905.754556792093,14037.928322822607,19862.666999999998,22069.63
1970-01-01 00:00:28.684000+00:00,1970-01-01 00:00:28.785000+00:00,-107.92000000000007,0.4831674136434882,14037.928322822607,13930.008322822607,20489.7924,22766.436
1970-01-01 00:00:28.797000+00:00,1970-01-01 00:00:28.831000+00:00,-107.92000000000007,0.4929804513531821,13930.008322822607,13822.088322822607,20081.9322,22313.258
1970-01-01 00:00:28.943000+00:00,1970-01-01 00:00:29.094000+00:00,-107.92000000000007,0.4831176937507277,13822.088322822607,13714.168322822607,20491.9011,22768.779000000002
1970-01-01 00:00:29.098000+00:00,1970-01-01 00:00:29.211000+00:00,75.38439846131769,0.48890479459153957,13714.168322822607,13789.552721283924,20249.341200000003,22499.268000000004
1970-01-01 00:00:29.305000+00:00,1970-01-01 00:00:29.348000+00:00,11.72452634468209,0.48837997524890286,13789.552721283924,13801.277247628606,20271.1014,22523.446000000004
1970-01-01 00:00:29.362000+00:00,1970-01-01 00:00:29.379000+00:00,4.553049983795063,0.4955858171268511,13801.277247628606,13805.830297612401,19976.3586,22195.954
1970-01-01 00:00:29.542000+00:00,1970-01-01 00:00:29.556000+00:00,155.4032028785059,0.48154896967782446,13805.830297612401,13961.233500490907,20558.6568,22842.952
1970-01-01 00:00:29.623000+00:00,1970-01-01 00:00:29.756000+00:00,-107.92000000000189,0.47011369699761885,13961.233500490907,13853.313500490905,21058.7355,23398.595
1970-01-01 00:00:29.761000+00:00,1970-01-01 00:00:29.791000+00:00,-107.92000000000007,0.4780340943476771,13853.313500490905,13745.393500490905,20709.8199,23010.911
1970-01-01 00:00:29.850000+00:00,1970-01-01 00:00:29.866000+00:00,71.20815917201253,0.4882457282160624,13745.393500490905,13816.601659662918,20276.6751,22529.639000000003
1970-01-01 00:00:29.872000+00:00,1970-01-01 00:00:29.876000+00:00,-107.92000000000007,0.5063757774134122,13816.601659662918,13708.681659662918,19550.6982,21722.998000000003
1970-01-01 00:00:29.929000+00:00,1970-01-01 00:00:29.932000+00:00,-107.92000000000007,0.5332121875243279,13708.681659662918,13600.761659662918,18566.717399999998,20629.686
1970-01-01 00:00:29.993000+00:00,1970-01-01 00:00:30.014000+00:00,-107.92000000000007,0.5746631037554234,13600.761659662918,13492.841659662918,17227.485,19141.65
1970-01-01 00:00:30.026000+00:00,1970-01-01 00:00:30.034000+00:00,-107.92000000000007,0.605253967591071,13492.841659662918,13384.921659662918,16356.770100000002,18174.189000000002
1970-01-01 00:00:30.036000+00:00,1970-01-01 00:00:30.037000+00:00,-107.92000000000007,0.6172458490216653,13384.921659662918,13277.001659662918,16038.99,17821.100000000002
1970-01-01 00:00:30.040000+00:00,1970-01-01 00:00:30.072000+00:00,563.9421393514094,0.6346039373366688,13277.001659662918,13840.943799014327,15600.2814,17333.646
1970-01-01 00:00:30.153000+00:00,1970-01-01 00:00:30.157000+00:00,-107.92000000000007,0.5823681067271087,13840.943799014327,13733.023799014327,16999.5573,18888.397
1970-01-01 00:00:30.158000+00:00,1970-01-01 00:00:30.168000+00:00,161.49594095074644,0.5867373880798432,13733.023799014327,13894.519739965073,16872.966,18747.74
1970-01-01 00:00:30.202000+00:00,1970-01-01 00:00:30.234000+00:00,179.03602730965576,0.6027556784105573,13894.519739965073,14073.555767274729,16424.565300000002,18249.517000000003
1970-01-01 00:00:30.261000+00:00,1970-01-01 00:00:30.343000+00:00,106.14765329094189,0.5992082062762266,14073.555767274729,14179.703420565671,16521.803099999997,18357.559
1970-01-01 00:00:30.357000+00:00,1970-01-01 00:00:30.371000+00:00,-107.92000000000007,0.5935013971022888,14179.703420565671,14071.78342056567,16680.6684,18534.076
1970-01-01 00:00:30.439000+00:00,1970-01-01 00:00:30.450000+00:00,-107.92000000000007,0.6214704363406081,14071.78342056567,13963.86342056567,15929.9613,17699.957000000002
1970-01-01 00:00:30.456000+00:00,1970-01-01 00:00:30.463000+00:00,575.9376842465517,0.6290962026495016,13963.86342056567,14539.801104812223,15736.861799999999,17485.402000000002
1970-01-01 00:00:30.499000+00:00,1970-01-01 00:00:30.507000+00:00,78.74219891269786,0.6071593805517136,14539.801104812223,14618.54330372492,16305.4386,18117.154000000002
1970-01-01 00:00:30.842000+00:00,1970-01-01 00:00:30.884000+00:00,-107.92000000000189,0.5958609117625328,14618.54330372492,14510.623303724919,16614.615599999997,18460.684
1970-01-01 00:00:30.984000+00:00,1970-01-01 00:00:31.094000+00:00,-107.92000000000007,0.6018440501697201,14510.623303724919,14402.703303724918,16449.444,18277.16
1970-01-01 00:00:31.347000+00:00,1970-01-01 00:00:31.363000+00:00,-107.91999999999825,0.6055618433060286,14402.703303724918,14294.78330372492,16348.4541,18164.949
1970-01-01 00:00:31.493000+00:00,1970-01-01 00:00:31.511000+00:00,-107.92000000000007,0.6047689661595477,14294.78330372492,14186.86330372492,16369.887600000002,18188.764000000003
1970-01-01 00:00:31.652000+00:00,1970-01-01 00:00:31.687000+00:00,-29.138596810871604,0.6053081896382134,14186.86330372492,14157.724706914049,16355.304899999997,18172.561
1970-01-01 00:00:31.717000+00:00,1970-01-01 00:00:31.766000+00:00,21.67419745026018,0.6050928242647063,14157.724706914049,14179.398904364309,16361.1261,18179.029000000002
1970-01-01 00:00:31.783000+00:00,1970-01-01 00:00:31.810000+00:00,55.33459860308176,0.6194205692227263,14179.398904364309,14234.73350296739,15982.678800000002,17758.532000000003
1970-01-01 00:00:32.126000+00:00,1970-01-01 00:00:32.182000+00:00,-16.031206330020723,0.5901348340068739,14234.73350296739,14218.70229663737,16775.8272,18639.808
1970-01-01 00:00:32.262000+00:00,1970-01-01 00:00:32.355000+00:00,-62.950001936407716,0.5867904090281225,14218.70229663737,14155.752294700962,16871.4414,18746.046000000002
1970-01-01 00:00:32.398000+00:00,1970-01-01 00:00:32.457000+00:00,184.17517892996148,0.5905279319711823,14155.752294700962,14339.927473630923,16764.66,18627.4
1970-01-01 00:00:32.500000+00:00,1970-01-01 00:00:32.508000+00:00,-107.92000000000007,0.5797561893321382,14339.927473630923,14232.007473630923,17076.1437,18973.493000000002
1970-01-01 00:00:32.561000+00:00,1970-01-01 00:00:32.597000+00:00,1.5730553433731984,0.5884963095396429,14232.007473630923,14233.580528974297,16822.5354,18691.706000000002
1970-01-01 00:00:32.657000+00:00,1970-01-01 00:00:32.668000+00:00,-107.92000000000007,0.5872069910515526,14233.580528974297,14125.660528974297,16859.4723,18732.747000000003
1970-01-01 00:00:32.848000+00:00,1970-01-01 00:00:32.933000+00:00,-35.411699403957755,0.5812213203604734,14125.660528974297,14090.248829570339,17033.0985,18925.665000000005
1970-01-01 00:00:33.106000+00:00,1970-01-01 00:00:33.123000+00:00,-107.92000000000007,0.5840193614098694,14090.248829570339,13982.328829570339,16951.4928,18834.992000000002
1970-01-01 00:00:33.124000+00:00,1970-01-01 00:00:33.147000+00:00,-12.846338350535007,0.590050915493498,13982.328829570339,13969.482491219804,16778.213099999997,18642.459
1970-01-01 00:00:33.224000+00:00,1970-01-01 00:00:33.234000+00:00,13.31068329872869,0.5833628417704129,13969.482491219804,13982.793174518532,16970.5701,18856.189000000002
1970-01-01 00:00:33.395000+00:00,1970-01-01 00:00:33.460000+00:00,-107.92000000000007,0.562873853777756,13982.793174518532,13874.873174518532,17588.3103,19542.567000000003
1970-01-01 00:00:33.463000+00:00,1970-01-01 00:00:33.498000+00:00,-107.92000000000007,0.5712216259937828,13874.873174518532,13766.953174518532,17331.2766,19256.974000000002
1970-01-01 00:00:33.541000+00:00,1970-01-01 00:00:33.569000+00:00,-107.92000000000007,0.5864122419419628,13766.953174518532,13659.033174518532,16882.3215,18758.135
1970-01-01 00:00:33.573000+00:00,1970-01-01 00:00:33.596000+00:00,-107.92000000000007,0.595274236888192,13659.033174518532,13551.113174518532,16630.9902,18478.878
1970-01-01 00:00:33.597000+00:00,1970-01-01 00:00:33.621000+00:00,66.38948350788269,0.6024847676788612,13551.113174518532,13617.502658026415,16431.9507,18257.723
1970-01-01 00:00:33.655000+00:00,1970-01-01 00:00:33.835000+00:00,51.394228963650676,0.5999372465640094,13617.502658026415,13668.896886990065,16501.7259,18335.251
1970-01-01 00:00:33.841000+00:00,1970-01-01 00:00:33.867000+00:00,-107.92000000000189,0.5977079097078523,13668.896886990065,13560.976886990064,16563.2742,18403.638000000003
1970-01-01 00:00:34.132000+00:00,1970-01-01 00:00:34.144000+00:00,-107.92000000000007,0.5951095090763127,13560.976886990064,13453.056886990064,16635.5937,18483.993000000002
1970-01-01 00:00:34.145000+00:00,1970-01-01 00:00:34.160000+00:00,0.025042319886779296,0.6007081147256386,13453.056886990064,13453.08192930995,16480.5498,18311.722
1970-01-01 00:00:34.180000+00:00,1970-01-01 00:00:34.282000+00:00,13.599767384215738,0.5958396095105535,13453.08192930995,13466.681696694166,16615.209600000002,18461.344
1970-01-01 00:00:34.361000+00:00,1970-01-01 00:00:34.455000+00:00,-2.2796783829962806,0.594486141041837,13466.681696694166,13464.40201831117,16653.0375,18503.375
1970-01-01 00:00:34.488000+00:00,1970-01-01 00:00:34.559000+00:00,26.71549468856938,0.5930913164907261,13464.40201831117,13491.11751299974,16692.2019,18546.891000000003
1970-01-01 00:00:34.720000+00:00,1970-01-01 00:00:34.772000+00:00,-22.06444200237638,0.6028138143224946,13491.11751299974,13469.053070997363,16422.9813,18247.757
1970-01-01 00:00:34.857000+00:00,1970-01-01 00:00:34.907000+00:00,-107.92000000000007,0.6023871397574307,13469.053070997363,13361.133070997363,16434.6138,18260.682
1970-01-01 00:00:34.950000+00:00,1970-01-01 00:00:34.997000+00:00,0.315139636011736,0.6034660677064789,13361.133070997363,13361.448210633374,16405.2306,18228.034
